{"type":"FeatureCollection","note":"Tracé construit par tools/construire_parcours.py. Les altitudes sont la troisième coordonnée de chaque point.","features":[{"type":"Feature","properties":{"jour":2,"km_calcule":297.1,"km_brochure":280,"km_piste_trace":0.0,"altitude_min_m":720,"altitude_max_m":4292,"profil":[[0.0,1182,-24.78587,-65.41202],[2.0,1181,-24.79225,-65.40173],[4.01,1236,-24.79849,-65.3899],[6.11,1199,-24.79666,-65.37005],[8.12,1252,-24.78842,-65.35427],[10.28,1283,-24.78167,-65.33474],[12.4,1305,-24.77812,-65.31545],[14.41,1330,-24.7858,-65.29851],[16.48,1234,-24.79586,-65.2835],[18.53,1195,-24.80395,-65.26564],[20.59,1151,-24.80498,-65.24622],[22.73,1108,-24.80274,-65.22527],[25.01,1057,-24.7993,-65.20315],[27.04,1014,-24.79674,-65.18327],[29.21,964,-24.7881,-65.16404],[31.74,921,-24.77574,-65.14344],[33.86,878,-24.76158,-65.12961],[35.91,863,-24.74804,-65.11649],[38.33,801,-24.74437,-65.09291],[40.37,761,-24.74266,-65.07283],[42.51,741,-24.74099,-65.05175],[44.52,721,-24.73917,-65.03193],[46.54,720,-24.72496,-65.02941],[48.64,731,-24.70729,-65.03665],[50.8,742,-24.68915,-65.04433],[52.99,746,-24.67078,-65.05207],[55.73,740,-24.64751,-65.05843],[57.77,738,-24.63099,-65.06739],[60.68,729,-24.60754,-65.08011],[62.92,720,-24.58776,-65.07925],[65.1,736,-24.56818,-65.07892],[67.11,752,-24.55009,-65.07882],[69.13,770,-24.53223,-65.08025],[71.16,760,-24.52048,-65.06559],[73.59,763,-24.50161,-65.05345],[75.65,768,-24.48542,-65.044],[80.46,808,-24.44693,-65.05483],[83.37,842,-24.42345,-65.06744],[86.75,884,-24.39702,-65.08383],[88.82,902,-24.37999,-65.09116],[90.84,926,-24.36423,-65.10044],[93.8,962,-24.34576,-65.12138],[96.3,1003,-24.33023,-65.13921],[98.89,1029,-24.31463,-65.15827],[100.98,1055,-24.30065,-65.172],[103.12,1084,-24.28836,-65.18816],[105.58,1108,-24.2729,-65.20545],[107.62,1143,-24.26122,-65.22099],[109.64,1174,-24.24841,-65.23507],[111.7,1207,-24.23655,-65.25064],[113.74,1198,-24.2238,-65.26501],[115.78,1220,-24.21307,-65.28066],[117.87,1248,-24.19681,-65.29096],[119.88,1275,-24.18525,-65.30003],[121.94,1294,-24.17971,-65.31704],[123.95,1348,-24.18617,-65.32722],[126.05,1352,-24.18022,-65.34657],[128.07,1365,-24.17321,-65.36493],[130.08,1375,-24.16167,-65.37986],[132.23,1392,-24.14618,-65.39183],[134.34,1440,-24.12999,-65.40212],[136.62,1483,-24.11015,-65.40593],[138.63,1521,-24.09218,-65.40742],[140.7,1561,-24.07517,-65.41256],[142.72,1607,-24.05822,-65.41894],[144.76,1618,-24.04277,-65.42881],[146.78,1671,-24.02885,-65.43971],[148.78,1743,-24.0119,-65.4453],[150.85,1806,-23.99471,-65.44957],[153.07,1931,-23.97686,-65.4513],[155.23,2056,-23.96367,-65.45776],[157.24,2169,-23.95598,-65.46779],[159.26,2118,-23.9388,-65.46152],[161.27,2080,-23.92202,-65.46678],[163.63,2087,-23.90198,-65.46148],[166.07,2091,-23.88049,-65.45752],[168.2,2100,-23.86409,-65.46633],[170.2,2108,-23.84622,-65.46488],[172.21,2119,-23.82972,-65.47169],[174.31,2132,-23.81214,-65.47799],[176.35,2141,-23.79398,-65.47669],[178.38,2169,-23.77624,-65.47986],[180.43,2187,-23.75844,-65.47483],[182.45,2211,-23.74148,-65.4696],[184.45,2240,-23.7243,-65.46395],[186.95,2269,-23.70517,-65.4528],[188.97,2303,-23.6877,-65.44919],[191.14,2364,-23.67019,-65.44135],[193.15,2378,-23.65417,-65.43222],[195.23,2379,-23.64004,-65.41911],[197.23,2437,-23.62355,-65.41232],[199.38,2438,-23.60551,-65.40639],[201.63,2463,-23.58762,-65.4092],[203.68,2468,-23.57297,-65.39827],[205.79,2471,-23.56958,-65.39534],[208.06,2499,-23.55094,-65.3864],[210.22,2527,-23.53337,-65.37766],[212.6,2557,-23.51274,-65.37253],[214.62,2570,-23.4954,-65.36825],[216.63,2592,-23.47976,-65.36308],[218.64,2613,-23.4632,-65.35628],[220.67,2635,-23.44581,-65.35017],[222.71,2667,-23.42804,-65.35191],[224.72,2693,-23.41029,-65.34978],[226.73,2712,-23.39287,-65.34571],[228.78,2763,-23.37603,-65.33916],[230.88,2752,-23.35803,-65.34537],[232.96,2779,-23.33983,-65.34933],[235.04,2802,-23.32146,-65.34756],[237.06,2825,-23.3047,-65.35481],[239.21,2845,-23.28626,-65.36104],[241.22,2880,-23.26873,-65.36157],[243.34,2908,-23.2504,-65.35765],[245.84,2937,-23.228,-65.35547],[247.85,2965,-23.21005,-65.35372],[249.88,2952,-23.1996,-65.35052],[251.88,3038,-23.1949,-65.33525],[253.96,3135,-23.20103,-65.31675],[255.97,3189,-23.20473,-65.29792],[258.09,3278,-23.20495,-65.27724],[260.14,3394,-23.20802,-65.25795],[262.15,3558,-23.20415,-65.24035],[264.17,3699,-23.198,-65.22777],[266.19,3853,-23.19198,-65.21744],[268.24,4042,-23.18934,-65.20645],[270.26,4191,-23.18174,-65.20481],[272.28,4279,-23.19023,-65.19497],[274.3,4292,-23.19109,-65.19417],[276.35,4196,-23.18126,-65.20414],[278.36,4049,-23.18878,-65.20565],[280.36,3863,-23.19293,-65.21774],[282.4,3707,-23.19698,-65.22701],[284.46,3570,-23.20398,-65.2395],[286.46,3401,-23.20829,-65.25699],[288.61,3278,-23.20495,-65.27724],[290.69,3190,-23.20468,-65.2975],[292.71,3137,-23.20099,-65.31641],[294.73,3044,-23.19497,-65.33432],[296.73,2951,-23.19981,-65.34828],[297.57,2949,-23.20438,-65.34878]]},"geometry":{"type":"LineString","coordinates":[[-65.41202,-24.78587],[-65.41192,-24.78489],[-65.41055,-24.785],[-65.41083,-24.78771],[-65.40256,-24.78695],[-65.40173,-24.79225],[-65.39821,-24.79794],[-65.39656,-24.79587],[-65.39347,-24.79538],[-65.39114,-24.79586],[-65.39027,-24.79814],[-65.38829,-24.79943],[-65.38151,-24.79977],[-65.37005,-24.79666],[-65.36838,-24.7974],[-65.36359,-24.79244],[-65.35698,-24.789],[-65.34235,-24.78635],[-65.32836,-24.77748],[-65.32506,-24.77685],[-65.31107,-24.77878],[-65.30171,-24.78195],[-65.29923,-24.784],[-65.2972,-24.79014],[-65.29487,-24.79245],[-65.2835,-24.79586],[-65.27507,-24.80097],[-65.26777,-24.80269],[-65.26187,-24.80635],[-65.22975,-24.80376],[-65.21308,-24.79971],[-65.19666,-24.79906],[-65.1849,-24.79723],[-65.16897,-24.78965],[-65.15797,-24.78624],[-65.13597,-24.77016],[-65.12224,-24.7518],[-65.11697,-24.7482],[-65.1059,-24.74548],[-65.03193,-24.73917],[-65.02952,-24.74031],[-65.02851,-24.73596],[-65.02997,-24.72327],[-65.05234,-24.67008],[-65.05246,-24.6587],[-65.08011,-24.60754],[-65.08127,-24.60372],[-65.07934,-24.59242],[-65.07892,-24.56818],[-65.07882,-24.54969],[-65.08113,-24.53832],[-65.08061,-24.53318],[-65.07684,-24.52737],[-65.06775,-24.52239],[-65.06461,-24.51919],[-65.04481,-24.48843],[-65.04159,-24.47551],[-65.03921,-24.47184],[-65.05656,-24.44407],[-65.0689,-24.4209],[-65.08971,-24.38768],[-65.0923,-24.37624],[-65.09571,-24.37287],[-65.10142,-24.36313],[-65.1613,-24.31213],[-65.17271,-24.30003],[-65.18997,-24.28692],[-65.19969,-24.27727],[-65.22099,-24.26122],[-65.23265,-24.2502],[-65.24701,-24.24025],[-65.25722,-24.22967],[-65.27226,-24.21767],[-65.27958,-24.21447],[-65.2929,-24.1939],[-65.29229,-24.18809],[-65.29369,-24.18578],[-65.29542,-24.18497],[-65.30151,-24.18527],[-65.30157,-24.18256],[-65.30436,-24.18163],[-65.3192,-24.17954],[-65.31987,-24.18232],[-65.31816,-24.18364],[-65.32057,-24.18773],[-65.33399,-24.1852],[-65.36518,-24.17308],[-65.37002,-24.16785],[-65.38119,-24.16071],[-65.38945,-24.15224],[-65.3948,-24.13809],[-65.40328,-24.12791],[-65.40723,-24.10209],[-65.40774,-24.08093],[-65.41223,-24.07578],[-65.41867,-24.06267],[-65.41913,-24.05775],[-65.42154,-24.05472],[-65.42327,-24.04965],[-65.42676,-24.0466],[-65.43283,-24.03394],[-65.43897,-24.03068],[-65.44452,-24.01741],[-65.44564,-24.0104],[-65.4472,-24.00862],[-65.44624,-24.00528],[-65.44975,-23.99377],[-65.45439,-23.98866],[-65.45444,-23.98681],[-65.45176,-23.98028],[-65.45063,-23.96932],[-65.45387,-23.96857],[-65.45514,-23.96665],[-65.45787,-23.96703],[-65.45794,-23.96157],[-65.45932,-23.96102],[-65.46246,-23.96216],[-65.46232,-23.95907],[-65.4656,-23.95957],[-65.46779,-23.95598],[-65.46134,-23.93797],[-65.46231,-23.92927],[-65.46416,-23.92499],[-65.46746,-23.92101],[-65.4678,-23.91835],[-65.45879,-23.89491],[-65.45736,-23.87839],[-65.46205,-23.87383],[-65.46647,-23.86372],[-65.46475,-23.84658],[-65.46796,-23.84231],[-65.46864,-23.83627],[-65.47489,-23.82158],[-65.47767,-23.81729],[-65.47802,-23.81085],[-65.47608,-23.79626],[-65.47785,-23.78745],[-65.4796,-23.78337],[-65.47989,-23.77656],[-65.47833,-23.76823],[-65.47281,-23.75294],[-65.46892,-23.74577],[-65.46953,-23.74117],[-65.4638,-23.72389],[-65.46096,-23.72032],[-65.45696,-23.71733],[-65.4556,-23.71493],[-65.45248,-23.70387],[-65.45138,-23.69796],[-65.45179,-23.69505],[-65.44766,-23.68511],[-65.44751,-23.68049],[-65.43515,-23.66039],[-65.4325,-23.65446],[-65.42768,-23.65035],[-65.41732,-23.63808],[-65.41317,-23.62873],[-65.41236,-23.62365],[-65.40761,-23.61495],[-65.40642,-23.60511],[-65.40802,-23.60038],[-65.41197,-23.59614],[-65.41203,-23.59373],[-65.40898,-23.58716],[-65.40689,-23.58607],[-65.40318,-23.57791],[-65.40106,-23.57524],[-65.39799,-23.57286],[-65.39666,-23.57647],[-65.39309,-23.57721],[-65.39291,-23.57663],[-65.39686,-23.57567],[-65.39778,-23.57252],[-65.39114,-23.56332],[-65.3841,-23.54495],[-65.37587,-23.52996],[-65.37515,-23.52076],[-65.37187,-23.51],[-65.37204,-23.50312],[-65.36849,-23.49574],[-65.36405,-23.49133],[-65.36392,-23.48958],[-65.3654,-23.48676],[-65.36332,-23.482],[-65.36315,-23.47653],[-65.35866,-23.46933],[-65.34929,-23.44301],[-65.35204,-23.43076],[-65.35182,-23.41498],[-65.34978,-23.41029],[-65.34934,-23.40191],[-65.34405,-23.38897],[-65.33864,-23.37908],[-65.34949,-23.34239],[-65.3466,-23.32935],[-65.34763,-23.32101],[-65.35451,-23.30632],[-65.36341,-23.27891],[-65.36155,-23.26992],[-65.36196,-23.26477],[-65.3582,-23.25581],[-65.35371,-23.21602],[-65.35399,-23.20629],[-65.35707,-23.19909],[-65.35498,-23.1981],[-65.34957,-23.1995],[-65.34758,-23.1961],[-65.34298,-23.193],[-65.34132,-23.19285],[-65.33837,-23.19325],[-65.32165,-23.2007],[-65.31577,-23.20104],[-65.30361,-23.20498],[-65.26883,-23.20437],[-65.25699,-23.20829],[-65.25023,-23.20949],[-65.24166,-23.20565],[-65.24052,-23.20422],[-65.23634,-23.20336],[-65.23271,-23.20085],[-65.2335,-23.20275],[-65.22396,-23.19463],[-65.2249,-23.1976],[-65.21948,-23.19428],[-65.218,-23.19215],[-65.21713,-23.19214],[-65.21813,-23.19428],[-65.21616,-23.19347],[-65.21475,-23.19153],[-65.20576,-23.18895],[-65.20301,-23.18719],[-65.20327,-23.18615],[-65.20533,-23.18648],[-65.20919,-23.18499],[-65.20537,-23.18482],[-65.20438,-23.18127],[-65.19802,-23.18382],[-65.19473,-23.18312],[-65.19371,-23.18497],[-65.19497,-23.19023],[-65.19161,-23.19292],[-65.19289,-23.19409],[-65.1935,-23.19718],[-65.19289,-23.19409],[-65.19161,-23.19292],[-65.19497,-23.19023],[-65.19371,-23.18497],[-65.19473,-23.18312],[-65.19802,-23.18382],[-65.20438,-23.18127],[-65.20537,-23.18482],[-65.20919,-23.18499],[-65.20533,-23.18648],[-65.20327,-23.18615],[-65.20301,-23.18719],[-65.20576,-23.18895],[-65.21475,-23.19153],[-65.21616,-23.19347],[-65.21813,-23.19428],[-65.21713,-23.19214],[-65.218,-23.19215],[-65.21948,-23.19428],[-65.2249,-23.1976],[-65.22396,-23.19463],[-65.2335,-23.20275],[-65.23271,-23.20085],[-65.23634,-23.20336],[-65.24052,-23.20422],[-65.24166,-23.20565],[-65.25023,-23.20949],[-65.25699,-23.20829],[-65.26883,-23.20437],[-65.30361,-23.20498],[-65.31577,-23.20104],[-65.32165,-23.2007],[-65.33837,-23.19325],[-65.34132,-23.19285],[-65.34298,-23.193],[-65.34807,-23.19667],[-65.34884,-23.19891],[-65.34621,-23.20225],[-65.34747,-23.20278],[-65.3473,-23.2043],[-65.34878,-23.20438]]}},{"type":"Feature","properties":{"jour":3,"km_calcule":207.0,"km_brochure":217,"km_piste_trace":0.0,"altitude_min_m":2229,"altitude_max_m":4170,"profil":[[0.0,2949,-23.20438,-65.34878],[2.03,2953,-23.21723,-65.35385],[4.19,2924,-23.23649,-65.3563],[6.28,2897,-23.25518,-65.35813],[8.55,2863,-23.27479,-65.36277],[10.85,2837,-23.29465,-65.35809],[13.24,2808,-23.31496,-65.35091],[16.13,2779,-23.33983,-65.34933],[18.2,2752,-23.35803,-65.34537],[20.31,2763,-23.37603,-65.33916],[22.32,2713,-23.39265,-65.34561],[24.36,2693,-23.41029,-65.34978],[26.38,2667,-23.42804,-65.35191],[28.41,2635,-23.44581,-65.35017],[30.44,2613,-23.4632,-65.35628],[32.45,2592,-23.47976,-65.36308],[34.46,2570,-23.4954,-65.36825],[36.48,2557,-23.51274,-65.37253],[38.51,2533,-23.53048,-65.37607],[40.97,2500,-23.5505,-65.38623],[43.01,2475,-23.56739,-65.39382],[45.02,2460,-23.58191,-65.40519],[47.12,2450,-23.59828,-65.41058],[49.13,2433,-23.6148,-65.40755],[51.14,2407,-23.63131,-65.41438],[53.25,2374,-23.64707,-65.42549],[55.66,2377,-23.66503,-65.43798],[57.68,2323,-23.68087,-65.44763],[59.69,2292,-23.69796,-65.45138],[61.7,2256,-23.71541,-65.4558],[64.01,2229,-23.73276,-65.46712],[66.03,2248,-23.74351,-65.47621],[68.04,2319,-23.74714,-65.49374],[70.04,2376,-23.73981,-65.50743],[72.07,2462,-23.72835,-65.52183],[74.07,2551,-23.7129,-65.52974],[76.15,2632,-23.69977,-65.54063],[78.21,2714,-23.69671,-65.55821],[80.24,2827,-23.68366,-65.56895],[82.25,2951,-23.67008,-65.57463],[84.25,3064,-23.6675,-65.58628],[86.3,3194,-23.66918,-65.59026],[88.38,3328,-23.67128,-65.59881],[90.38,3441,-23.67428,-65.60986],[92.39,3577,-23.67661,-65.61175],[94.4,3717,-23.68008,-65.62119],[96.52,3850,-23.68471,-65.62833],[98.54,3979,-23.69005,-65.63172],[100.56,4093,-23.69858,-65.64393],[102.57,4170,-23.69991,-65.65582],[104.59,4142,-23.70322,-65.6704],[106.6,4042,-23.70832,-65.67634],[108.63,3943,-23.70076,-65.67918],[110.93,3842,-23.70127,-65.6981],[113.02,3817,-23.6938,-65.71432],[115.04,3732,-23.69711,-65.73267],[117.06,3663,-23.68548,-65.74729],[119.17,3619,-23.66975,-65.75876],[121.39,3576,-23.66073,-65.77751],[123.52,3526,-23.65479,-65.7972],[125.86,3484,-23.65087,-65.81954],[127.95,3447,-23.64431,-65.8387],[130.62,3417,-23.62447,-65.85315],[132.62,3411,-23.60924,-65.86361],[134.98,3410,-23.59691,-65.88245],[137.48,3414,-23.58401,-65.86249],[139.51,3412,-23.59435,-65.87899],[141.7,3410,-23.58802,-65.89642],[146.86,3417,-23.5615,-65.93789],[149.13,3420,-23.54983,-65.95615],[152.99,3430,-23.52996,-65.98721],[155.19,3435,-23.51859,-66.00496],[157.79,3442,-23.50948,-66.02843],[160.46,3451,-23.49891,-66.05177],[162.69,3454,-23.48738,-66.06964],[164.82,3463,-23.47618,-66.08653],[167.39,3469,-23.46361,-66.10776],[169.73,3477,-23.44788,-66.12283],[171.74,3485,-23.43993,-66.14028],[173.85,3491,-23.43265,-66.15942],[175.91,3500,-23.42443,-66.17747],[177.93,3509,-23.42322,-66.19687],[179.97,3557,-23.43069,-66.21441],[182.16,3537,-23.4319,-66.23119],[184.18,3610,-23.43975,-66.24746],[186.35,3718,-23.43198,-66.26456],[188.37,3804,-23.4252,-66.27559],[190.38,3754,-23.43408,-66.28574],[192.43,3845,-23.442,-66.2916],[194.46,3852,-23.45638,-66.29668],[196.48,3794,-23.44489,-66.30914],[198.57,3798,-23.44137,-66.32312],[201.3,3780,-23.42364,-66.34139],[203.32,3742,-23.4151,-66.35811],[205.33,3626,-23.40401,-66.35395],[207.26,3609,-23.39921,-66.36761]]},"geometry":{"type":"LineString","coordinates":[[-65.34878,-23.20438],[-65.34797,-23.204],[-65.34701,-23.21154],[-65.34815,-23.21431],[-65.35371,-23.21602],[-65.3582,-23.25581],[-65.36196,-23.26477],[-65.36155,-23.26992],[-65.36345,-23.27822],[-65.35451,-23.30632],[-65.34763,-23.32101],[-65.3466,-23.32935],[-65.34943,-23.34277],[-65.34485,-23.35996],[-65.3386,-23.37816],[-65.34934,-23.40191],[-65.34978,-23.41029],[-65.35182,-23.41498],[-65.35204,-23.43076],[-65.34929,-23.44301],[-65.35866,-23.46933],[-65.36315,-23.47653],[-65.36332,-23.482],[-65.3654,-23.48676],[-65.36392,-23.48958],[-65.36405,-23.49133],[-65.36849,-23.49574],[-65.37204,-23.50312],[-65.37187,-23.51],[-65.37515,-23.52076],[-65.37607,-23.53048],[-65.3841,-23.54495],[-65.39148,-23.56395],[-65.39657,-23.57133],[-65.40275,-23.57716],[-65.40689,-23.58607],[-65.40883,-23.58691],[-65.41218,-23.59411],[-65.41179,-23.59645],[-65.40733,-23.60184],[-65.40636,-23.60847],[-65.40761,-23.61495],[-65.41303,-23.62531],[-65.41326,-23.62896],[-65.41732,-23.63808],[-65.42768,-23.65035],[-65.4325,-23.65446],[-65.43565,-23.66125],[-65.44625,-23.67791],[-65.44763,-23.68087],[-65.44766,-23.68511],[-65.45179,-23.69505],[-65.45138,-23.69796],[-65.45248,-23.70387],[-65.4556,-23.71493],[-65.45696,-23.71733],[-65.46096,-23.72032],[-65.4638,-23.72389],[-65.46788,-23.73465],[-65.4696,-23.74148],[-65.46936,-23.74403],[-65.47651,-23.74355],[-65.4793,-23.74639],[-65.48758,-23.74597],[-65.4956,-23.74741],[-65.49737,-23.74637],[-65.49947,-23.74683],[-65.49914,-23.74473],[-65.5027,-23.74225],[-65.50531,-23.74217],[-65.51637,-23.73086],[-65.5204,-23.72986],[-65.52163,-23.7286],[-65.5228,-23.72469],[-65.52747,-23.72017],[-65.52759,-23.71594],[-65.53192,-23.71011],[-65.53178,-23.7078],[-65.53317,-23.70598],[-65.53658,-23.70551],[-65.537,-23.70285],[-65.53947,-23.70052],[-65.54175,-23.69943],[-65.5427,-23.70085],[-65.54393,-23.70093],[-65.55275,-23.69825],[-65.55563,-23.6984],[-65.56342,-23.69494],[-65.56468,-23.69053],[-65.56732,-23.68771],[-65.56772,-23.68488],[-65.57003,-23.68245],[-65.571,-23.67698],[-65.57363,-23.67115],[-65.57424,-23.67235],[-65.57535,-23.66922],[-65.5819,-23.66496],[-65.58464,-23.66653],[-65.58688,-23.66574],[-65.58532,-23.66768],[-65.58715,-23.66752],[-65.58859,-23.6649],[-65.5931,-23.66711],[-65.58969,-23.66645],[-65.59171,-23.66845],[-65.58892,-23.67002],[-65.59326,-23.66979],[-65.59051,-23.67051],[-65.59337,-23.67075],[-65.59319,-23.67171],[-65.59896,-23.6713],[-65.60413,-23.67417],[-65.6039,-23.67185],[-65.605,-23.67117],[-65.60711,-23.67326],[-65.61108,-23.67364],[-65.60956,-23.6746],[-65.6118,-23.67463],[-65.60961,-23.67546],[-65.6115,-23.67499],[-65.61389,-23.67582],[-65.61137,-23.67572],[-65.60889,-23.67729],[-65.61175,-23.67661],[-65.62224,-23.67892],[-65.61777,-23.6795],[-65.62661,-23.68233],[-65.62698,-23.68004],[-65.62745,-23.6831],[-65.62801,-23.68033],[-65.62847,-23.68536],[-65.62936,-23.68076],[-65.63019,-23.68651],[-65.62828,-23.68859],[-65.62992,-23.69001],[-65.63386,-23.69041],[-65.63255,-23.6922],[-65.63635,-23.69716],[-65.64199,-23.69735],[-65.64586,-23.69913],[-65.64715,-23.6984],[-65.64783,-23.69398],[-65.64861,-23.69367],[-65.65597,-23.69999],[-65.65958,-23.6992],[-65.66108,-23.70239],[-65.66949,-23.70486],[-65.6704,-23.70322],[-65.67502,-23.70922],[-65.67455,-23.7135],[-65.67641,-23.71124],[-65.6764,-23.70867],[-65.67601,-23.70586],[-65.67358,-23.70138],[-65.67627,-23.69805],[-65.67729,-23.70017],[-65.67899,-23.69918],[-65.67958,-23.70124],[-65.68147,-23.70007],[-65.68277,-23.70191],[-65.68457,-23.7009],[-65.68713,-23.70217],[-65.69153,-23.70173],[-65.69496,-23.703],[-65.70253,-23.69911],[-65.70499,-23.69689],[-65.70751,-23.69624],[-65.70827,-23.69378],[-65.71021,-23.69295],[-65.72106,-23.69558],[-65.72489,-23.69551],[-65.72786,-23.6974],[-65.7314,-23.69781],[-65.7421,-23.69222],[-65.75432,-23.67707],[-65.75941,-23.66883],[-65.7639,-23.66484],[-65.77803,-23.6606],[-65.78461,-23.65974],[-65.80095,-23.65336],[-65.81038,-23.65296],[-65.82063,-23.65059],[-65.83993,-23.6437],[-65.86361,-23.60924],[-65.88245,-23.59691],[-65.86249,-23.58401],[-65.88245,-23.59691],[-66.00496,-23.51859],[-66.04638,-23.50239],[-66.08386,-23.4778],[-66.10932,-23.46264],[-66.12339,-23.44732],[-66.12635,-23.44528],[-66.1611,-23.432],[-66.17825,-23.42413],[-66.18664,-23.42259],[-66.19186,-23.42223],[-66.20072,-23.42407],[-66.20966,-23.43007],[-66.21258,-23.4309],[-66.22327,-23.42643],[-66.22684,-23.42608],[-66.2328,-23.43362],[-66.23909,-23.43859],[-66.24467,-23.44063],[-66.24838,-23.43964],[-66.25425,-23.44028],[-66.26063,-23.43599],[-66.26563,-23.43082],[-66.27029,-23.43135],[-66.26996,-23.42624],[-66.27359,-23.42383],[-66.27685,-23.42591],[-66.28352,-23.42676],[-66.2852,-23.43526],[-66.28728,-23.4304],[-66.2889,-23.43054],[-66.28845,-23.43432],[-66.2895,-23.43702],[-66.29136,-23.43815],[-66.29251,-23.44625],[-66.29573,-23.45266],[-66.29447,-23.45479],[-66.29538,-23.45723],[-66.29781,-23.45483],[-66.30606,-23.45009],[-66.30559,-23.44783],[-66.30848,-23.44503],[-66.31447,-23.44319],[-66.32054,-23.44697],[-66.3222,-23.44215],[-66.33579,-23.4311],[-66.34314,-23.42153],[-66.35216,-23.41869],[-66.35792,-23.41539],[-66.35969,-23.41163],[-66.35881,-23.406],[-66.35633,-23.40531],[-66.35554,-23.40376],[-66.35525,-23.40546],[-66.35398,-23.40474],[-66.35497,-23.40263],[-66.35794,-23.40147],[-66.36538,-23.40265],[-66.36819,-23.40177],[-66.36761,-23.39921]]}},{"type":"Feature","properties":{"jour":4,"km_calcule":115.4,"km_brochure":115,"km_piste_trace":0.0,"altitude_min_m":3609,"altitude_max_m":4131,"profil":[[0.0,3609,-23.39921,-66.36761],[2.02,3617,-23.41439,-66.37272],[4.03,3655,-23.4239,-66.38708],[6.07,3720,-23.42607,-66.40655],[8.11,3803,-23.42429,-66.4261],[10.11,3847,-23.42146,-66.44549],[12.36,3907,-23.42411,-66.46706],[14.39,3982,-23.4244,-66.48682],[16.4,4005,-23.41478,-66.50234],[18.53,4094,-23.40186,-66.51655],[20.58,4086,-23.41016,-66.53281],[22.92,4015,-23.42468,-66.54914],[25.16,3977,-23.43104,-66.56988],[29.7,3945,-23.45382,-66.60555],[33.0,3911,-23.47369,-66.62952],[35.68,3906,-23.49576,-66.63925],[37.98,3907,-23.51638,-66.64037],[40.02,3906,-23.53306,-66.64807],[42.04,3911,-23.54912,-66.6573],[44.2,3909,-23.56787,-66.66272],[46.2,3910,-23.58359,-66.67054],[48.32,3904,-23.59052,-66.68988],[51.03,3905,-23.60549,-66.70927],[53.05,3905,-23.61228,-66.72654],[57.44,3926,-23.60281,-66.76842],[61.73,3969,-23.6188,-66.8061],[64.0,3994,-23.62855,-66.82577],[66.07,4016,-23.62677,-66.84553],[68.08,4048,-23.61523,-66.85901],[70.12,4063,-23.59997,-66.86983],[72.53,4079,-23.59259,-66.89134],[74.72,4127,-23.57935,-66.90674],[77.15,4128,-23.56027,-66.91773],[79.16,4118,-23.54341,-66.92501],[81.18,4110,-23.52642,-66.93185],[83.5,4116,-23.50639,-66.93789],[86.46,4129,-23.48089,-66.94645],[89.43,4131,-23.45465,-66.95094],[92.3,4115,-23.42895,-66.95345],[94.4,4098,-23.41022,-66.9521],[96.56,4131,-23.39134,-66.95603],[99.25,4118,-23.36906,-66.96647],[101.91,4127,-23.34719,-66.97692],[104.24,4119,-23.32864,-66.98732],[106.95,4103,-23.30921,-67.0033],[108.98,4095,-23.29224,-67.00974],[111.4,4088,-23.2713,-67.00424],[113.43,4086,-23.25362,-67.00793],[115.47,4093,-23.24005,-67.01683],[115.54,4093,-23.23966,-67.01741]]},"geometry":{"type":"LineString","coordinates":[[-66.36761,-23.39921],[-66.36819,-23.40177],[-66.37014,-23.40266],[-66.37381,-23.40722],[-66.37408,-23.40951],[-66.37261,-23.41387],[-66.3745,-23.41924],[-66.38151,-23.42048],[-66.38798,-23.42417],[-66.39562,-23.42416],[-66.40465,-23.42636],[-66.40975,-23.42543],[-66.42304,-23.42552],[-66.4261,-23.42429],[-66.44664,-23.42133],[-66.45283,-23.42314],[-66.46076,-23.42299],[-66.47239,-23.42496],[-66.48787,-23.42423],[-66.49026,-23.42315],[-66.49245,-23.42001],[-66.50033,-23.41696],[-66.50605,-23.40901],[-66.50972,-23.40709],[-66.51321,-23.40318],[-66.51872,-23.4014],[-66.52412,-23.40233],[-66.52824,-23.40489],[-66.54079,-23.41937],[-66.54988,-23.4251],[-66.58148,-23.43386],[-66.63068,-23.47477],[-66.63595,-23.48404],[-66.64009,-23.49884],[-66.64074,-23.51994],[-66.6573,-23.54912],[-66.66588,-23.57916],[-66.66884,-23.58278],[-66.70221,-23.59542],[-66.70466,-23.59762],[-66.71094,-23.60773],[-66.72204,-23.61229],[-66.72614,-23.61236],[-66.7716,-23.6026],[-66.77534,-23.60367],[-66.8277,-23.62929],[-66.83158,-23.62942],[-66.84976,-23.62585],[-66.85313,-23.62421],[-66.85519,-23.62175],[-66.85771,-23.61657],[-66.86107,-23.61321],[-66.86811,-23.60163],[-66.87344,-23.59685],[-66.87711,-23.59492],[-66.89447,-23.59149],[-66.91124,-23.57465],[-66.93088,-23.53023],[-66.93325,-23.52022],[-66.94913,-23.47275],[-66.95403,-23.42216],[-66.95182,-23.40767],[-66.95603,-23.39134],[-66.98346,-23.33353],[-67.00351,-23.30893],[-67.00953,-23.29647],[-67.00995,-23.29353],[-67.00876,-23.28766],[-67.00508,-23.27946],[-67.00418,-23.27047],[-67.0051,-23.26227],[-67.00619,-23.25672],[-67.01071,-23.2486],[-67.01135,-23.24275],[-67.01504,-23.23991],[-67.01571,-23.24076],[-67.01741,-23.23966]]}},{"type":"Feature","properties":{"jour":5,"km_calcule":454.4,"km_brochure":490,"km_piste_trace":0.0,"altitude_min_m":2302,"altitude_max_m":4812,"profil":[[0.0,4093,-23.23966,-67.01741],[2.02,4113,-23.23188,-67.03229],[4.04,4201,-23.22762,-67.04941],[6.05,4290,-23.22588,-67.0671],[8.06,4286,-23.229,-67.082],[10.06,4314,-23.22838,-67.10067],[12.54,4332,-23.22008,-67.1229],[15.88,4376,-23.21031,-67.15375],[17.99,4401,-23.20389,-67.1732],[20.1,4379,-23.19532,-67.19146],[23.23,4341,-23.19125,-67.22111],[25.35,4273,-23.18908,-67.24138],[28.09,4239,-23.19316,-67.26733],[30.11,4207,-23.19545,-67.2865],[32.12,4195,-23.19733,-67.3052],[34.32,4195,-23.19928,-67.32556],[36.41,4237,-23.19972,-67.34518],[38.54,4263,-23.1982,-67.36584],[40.57,4263,-23.18853,-67.38125],[42.63,4263,-23.17421,-67.39356],[44.64,4253,-23.16265,-67.40068],[46.65,4236,-23.15387,-67.41425],[48.7,4242,-23.1398,-67.42456],[51.06,4258,-23.11975,-67.43003],[53.47,4281,-23.10097,-67.44189],[55.79,4318,-23.08585,-67.45739],[57.84,4375,-23.07273,-67.47137],[59.86,4465,-23.06058,-67.48565],[61.88,4587,-23.05251,-67.50309],[64.07,4747,-23.0611,-67.50891],[66.08,4812,-23.07658,-67.50534],[68.09,4765,-23.09342,-67.49838],[70.09,4733,-23.10931,-67.49438],[72.09,4638,-23.12631,-67.49787],[74.14,4570,-23.13662,-67.51353],[76.15,4556,-23.12549,-67.52776],[78.61,4552,-23.11126,-67.54605],[80.66,4558,-23.10046,-67.56226],[82.83,4571,-23.09058,-67.5804],[84.85,4585,-23.08235,-67.59734],[86.9,4591,-23.06786,-67.6093],[88.95,4642,-23.05138,-67.61471],[91.21,4685,-23.0314,-67.61139],[93.36,4691,-23.01292,-67.61616],[95.37,4653,-22.99594,-67.62253],[97.38,4624,-22.98615,-67.63909],[99.62,4649,-22.97464,-67.65365],[101.63,4717,-22.9621,-67.66716],[103.71,4781,-22.95041,-67.68276],[105.73,4799,-22.93542,-67.69319],[107.74,4808,-22.92217,-67.70643],[109.97,4761,-22.9085,-67.72177],[112.13,4742,-22.90283,-67.74149],[114.17,4714,-22.90651,-67.76013],[116.17,4739,-22.91719,-67.77142],[118.18,4668,-22.91388,-67.79039],[120.21,4603,-22.92111,-67.80526],[122.29,4527,-22.92285,-67.82299],[124.31,4370,-22.92186,-67.84212],[126.32,4214,-22.93004,-67.85747],[128.36,4065,-22.92451,-67.87626],[130.38,3939,-22.91729,-67.89434],[132.41,3763,-22.91572,-67.91389],[134.46,3578,-22.91187,-67.9333],[136.53,3422,-22.90896,-67.95271],[138.56,3280,-22.9088,-67.9725],[140.68,3129,-22.91068,-67.99308],[142.76,2970,-22.91138,-68.01327],[145.01,2796,-22.91535,-68.03481],[147.7,2631,-22.92167,-68.06024],[149.77,2523,-22.92416,-68.07984],[151.87,2514,-22.92094,-68.10005],[153.96,2492,-22.91847,-68.12021],[157.09,2451,-22.91587,-68.15062],[159.1,2428,-22.91415,-68.17012],[161.11,2425,-22.91312,-68.18971],[163.12,2438,-22.90838,-68.20524],[165.16,2467,-22.90413,-68.22196],[167.35,2554,-22.91784,-68.23503],[169.63,2600,-22.90751,-68.25333],[171.98,2504,-22.9001,-68.27469],[174.28,2449,-22.88575,-68.29063],[176.29,2436,-22.8726,-68.30414],[178.4,2504,-22.85884,-68.31837],[180.44,2603,-22.84409,-68.32562],[182.46,2729,-22.83236,-68.33504],[184.46,2874,-22.81677,-68.34443],[186.53,3010,-22.80037,-68.35377],[188.55,3108,-22.78918,-68.36849],[190.61,3222,-22.7713,-68.37331],[192.81,3335,-22.76477,-68.38852],[194.82,3393,-22.75083,-68.39727],[197.11,3418,-22.7314,-68.38993],[199.69,3415,-22.71841,-68.40713],[201.71,3378,-22.71032,-68.42478],[204.27,3275,-22.70249,-68.44625],[206.47,3214,-22.69281,-68.46495],[209.42,3123,-22.68042,-68.49038],[211.44,3063,-22.67236,-68.50794],[214.54,2957,-22.66137,-68.53576],[217.11,2875,-22.65231,-68.55873],[219.68,2797,-22.64321,-68.58176],[222.24,2737,-22.63412,-68.60469],[224.75,2689,-22.62522,-68.6272],[226.87,2657,-22.61788,-68.64628],[229.87,2626,-22.60684,-68.67293],[231.87,2619,-22.59946,-68.69071],[235.49,2595,-22.58261,-68.72073],[238.18,2584,-22.56968,-68.74287],[240.87,2563,-22.55682,-68.76504],[243.55,2548,-22.54382,-68.78713],[245.58,2512,-22.53327,-68.80304],[247.79,2479,-22.5272,-68.82356],[250.66,2409,-22.51189,-68.84587],[252.8,2377,-22.49873,-68.86096],[255.29,2349,-22.4838,-68.87909],[257.31,2314,-22.47295,-68.89467],[259.32,2302,-22.45646,-68.8989],[261.35,2322,-22.44216,-68.89617],[263.59,2355,-22.438,-68.87481],[265.8,2393,-22.4341,-68.85377],[267.97,2445,-22.42875,-68.83356],[270.02,2464,-22.42128,-68.81535],[272.31,2476,-22.41289,-68.79497],[274.49,2485,-22.40525,-68.77551],[276.87,2491,-22.40561,-68.75241],[278.97,2488,-22.40447,-68.73222],[281.0,2494,-22.40011,-68.71346],[283.14,2500,-22.38923,-68.69655],[285.15,2520,-22.37928,-68.68053],[287.3,2554,-22.36482,-68.66741],[289.3,2543,-22.34746,-68.66229],[291.45,2536,-22.33778,-68.65008],[293.5,2568,-22.32155,-68.64676],[295.55,2626,-22.30628,-68.63865],[297.71,2659,-22.28841,-68.63057],[299.85,2695,-22.27129,-68.622],[302.73,2716,-22.24785,-68.61042],[304.8,2737,-22.23056,-68.60317],[306.84,2746,-22.2132,-68.59768],[308.88,2771,-22.19501,-68.59471],[310.91,2819,-22.17682,-68.59516],[313.02,2863,-22.1579,-68.59565],[316.64,2930,-22.12533,-68.59544],[319.47,2967,-22.09987,-68.59524],[321.49,3002,-22.08175,-68.59507],[323.62,3016,-22.06255,-68.59493],[325.72,3033,-22.0437,-68.59475],[327.78,3050,-22.02519,-68.59458],[330.0,3074,-22.00664,-68.58931],[334.95,3164,-21.96976,-68.56243],[338.5,3257,-21.9466,-68.53926],[340.51,3287,-21.93899,-68.53114],[342.61,3358,-21.93379,-68.51242],[344.66,3394,-21.91744,-68.5062],[346.68,3439,-21.90125,-68.49731],[348.71,3450,-21.88423,-68.49583],[350.73,3408,-21.86733,-68.50254],[352.83,3424,-21.849,-68.50758],[354.89,3467,-21.83352,-68.49936],[356.91,3532,-21.82432,-68.48249],[358.98,3662,-21.81531,-68.465],[361.02,3723,-21.81032,-68.44815],[363.05,3760,-21.80217,-68.43131],[365.1,3789,-21.79849,-68.41206],[367.15,3868,-21.79647,-68.39232],[369.83,3889,-21.78032,-68.3733],[372.07,3876,-21.76762,-68.35646],[374.18,3899,-21.75861,-68.33862],[376.26,3934,-21.75103,-68.32023],[378.26,3940,-21.74641,-68.30172],[380.33,3917,-21.7369,-68.28476],[382.34,3974,-21.72289,-68.273],[384.47,3859,-21.70872,-68.26004],[386.47,3744,-21.69404,-68.25046],[388.97,3736,-21.67309,-68.25693],[391.06,3733,-21.65988,-68.27024],[394.31,3738,-21.63516,-68.28273],[396.58,3741,-21.62165,-68.29832],[398.67,3735,-21.60817,-68.31226],[400.89,3732,-21.59026,-68.31268],[402.96,3744,-21.5718,-68.31331],[404.98,3733,-21.5541,-68.3174],[406.98,3730,-21.54221,-68.33147],[409.07,3746,-21.53247,-68.34839],[411.09,3727,-21.52411,-68.36563],[413.1,3738,-21.51214,-68.38024],[415.1,3728,-21.50001,-68.39448],[417.14,3726,-21.48326,-68.39749],[419.15,3731,-21.46572,-68.39287],[421.23,3805,-21.44894,-68.38387],[423.24,3873,-21.43189,-68.38561],[425.25,3810,-21.42896,-68.36768],[427.25,3735,-21.41259,-68.36152],[429.35,3696,-21.40132,-68.347],[431.35,3696,-21.40138,-68.32854],[433.42,3696,-21.39913,-68.30972],[435.42,3698,-21.38638,-68.29691],[437.51,3700,-21.36841,-68.29909],[439.6,3702,-21.35331,-68.28776],[441.61,3719,-21.33747,-68.27985],[443.61,3804,-21.3208,-68.27305],[445.61,3819,-21.30334,-68.2685],[447.72,3796,-21.28449,-68.27002],[449.9,3749,-21.26556,-68.265],[451.94,3734,-21.24783,-68.25995],[453.95,3706,-21.23028,-68.25536],[454.87,3704,-21.2241,-68.25356]]},"geometry":{"type":"LineString","coordinates":[[-67.01741,-23.23966],[-67.01882,-23.23872],[-67.01816,-23.23785],[-67.01981,-23.23695],[-67.02694,-23.23671],[-67.03651,-23.22727],[-67.04734,-23.22792],[-67.05061,-23.22729],[-67.05361,-23.2249],[-67.06228,-23.22684],[-67.06692,-23.22602],[-67.06856,-23.22328],[-67.07249,-23.22391],[-67.07413,-23.22528],[-67.07593,-23.2246],[-67.08365,-23.22976],[-67.08877,-23.22901],[-67.09364,-23.23042],[-67.10093,-23.22829],[-67.10423,-23.22598],[-67.17657,-23.20267],[-67.18697,-23.1984],[-67.19813,-23.19209],[-67.20623,-23.19267],[-67.22228,-23.19113],[-67.23307,-23.18868],[-67.24138,-23.18908],[-67.25537,-23.19262],[-67.26752,-23.19318],[-67.27366,-23.19524],[-67.28149,-23.19472],[-67.2865,-23.19545],[-67.29426,-23.19445],[-67.30235,-23.19544],[-67.30541,-23.19742],[-67.31046,-23.19846],[-67.32109,-23.19683],[-67.32975,-23.20155],[-67.37324,-23.19696],[-67.38154,-23.18821],[-67.38433,-23.18254],[-67.38724,-23.17962],[-67.39394,-23.17396],[-67.39878,-23.17412],[-67.4018,-23.17131],[-67.4024,-23.16915],[-67.40071,-23.1621],[-67.40367,-23.15522],[-67.4064,-23.15393],[-67.41503,-23.15361],[-67.41806,-23.1483],[-67.42184,-23.1467],[-67.42436,-23.14342],[-67.42519,-23.13277],[-67.42896,-23.12723],[-67.43024,-23.11918],[-67.44435,-23.09791],[-67.46934,-23.07544],[-67.47518,-23.0677],[-67.48618,-23.06028],[-67.50079,-23.05458],[-67.50505,-23.04936],[-67.5058,-23.04995],[-67.5048,-23.05347],[-67.5108,-23.05802],[-67.50779,-23.06401],[-67.50792,-23.06844],[-67.5045,-23.06994],[-67.50547,-23.07603],[-67.50353,-23.08234],[-67.49327,-23.10251],[-67.49551,-23.10608],[-67.4934,-23.11459],[-67.49642,-23.12462],[-67.50013,-23.12981],[-67.50325,-23.131],[-67.50688,-23.13406],[-67.51394,-23.13677],[-67.51577,-23.13661],[-67.52172,-23.12912],[-67.53472,-23.12131],[-67.54768,-23.10996],[-67.5639,-23.0994],[-67.57407,-23.09514],[-67.58405,-23.08803],[-67.58934,-23.08722],[-67.59402,-23.08511],[-67.59734,-23.08235],[-67.59984,-23.07809],[-67.6041,-23.07497],[-67.61351,-23.06192],[-67.61632,-23.05534],[-67.61314,-23.04684],[-67.61133,-23.03078],[-67.61163,-23.0236],[-67.61875,-23.00728],[-67.62235,-22.99616],[-67.63976,-22.98582],[-67.64801,-22.98496],[-67.65552,-22.97224],[-67.66507,-22.96574],[-67.66677,-22.96247],[-67.67271,-22.95681],[-67.68556,-22.94855],[-67.69121,-22.93782],[-67.69933,-22.9283],[-67.70661,-22.92197],[-67.71324,-22.91358],[-67.72646,-22.90592],[-67.7393,-22.90272],[-67.75818,-22.90448],[-67.75992,-22.90581],[-67.76178,-22.91487],[-67.76332,-22.91596],[-67.774,-22.91764],[-67.79167,-22.91386],[-67.79492,-22.9149],[-67.80053,-22.92246],[-67.80773,-22.92057],[-67.81098,-22.92367],[-67.81384,-22.92301],[-67.81869,-22.92408],[-67.82603,-22.92187],[-67.83927,-22.92105],[-67.84447,-22.9232],[-67.85027,-22.92335],[-67.85318,-22.9253],[-67.85492,-22.92897],[-67.85747,-22.93004],[-67.86694,-22.92839],[-67.89434,-22.91729],[-67.91145,-22.91524],[-67.91506,-22.91583],[-67.93169,-22.912],[-67.94071,-22.91219],[-67.94576,-22.90965],[-67.96255,-22.90858],[-68.01725,-22.91189],[-68.03646,-22.91572],[-68.07254,-22.92469],[-68.12098,-22.91839],[-68.18619,-22.91275],[-68.19218,-22.91398],[-68.19477,-22.90977],[-68.20364,-22.90977],[-68.2179,-22.90156],[-68.21993,-22.90211],[-68.22892,-22.91151],[-68.23185,-22.9149],[-68.23221,-22.91766],[-68.23972,-22.9171],[-68.2468,-22.91387],[-68.25464,-22.90659],[-68.27701,-22.89892],[-68.32716,-22.85027],[-68.32744,-22.84878],[-68.32454,-22.83996],[-68.33427,-22.83615],[-68.3369,-22.82789],[-68.34263,-22.82115],[-68.34614,-22.81272],[-68.35434,-22.79949],[-68.36722,-22.79193],[-68.3687,-22.78837],[-68.37013,-22.77903],[-68.37372,-22.77065],[-68.37635,-22.76963],[-68.38324,-22.77206],[-68.38481,-22.77184],[-68.39024,-22.7614],[-68.39734,-22.75737],[-68.39727,-22.75083],[-68.38909,-22.72882],[-68.39033,-22.72594],[-68.42409,-22.71086],[-68.42815,-22.70663],[-68.4324,-22.70767],[-68.44016,-22.70576],[-68.50289,-22.67436],[-68.64218,-22.61956],[-68.69837,-22.59625],[-68.78748,-22.54362],[-68.79851,-22.53541],[-68.80304,-22.53327],[-68.81789,-22.52951],[-68.82698,-22.52563],[-68.8484,-22.51001],[-68.85341,-22.50471],[-68.8673,-22.49426],[-68.88134,-22.48176],[-68.89268,-22.47457],[-68.89757,-22.46999],[-68.90017,-22.46431],[-68.89752,-22.45047],[-68.89824,-22.44715],[-68.90055,-22.44402],[-68.89992,-22.44294],[-68.84017,-22.43146],[-68.77818,-22.40583],[-68.77418,-22.40507],[-68.75186,-22.40562],[-68.73872,-22.40368],[-68.7299,-22.40482],[-68.724,-22.40359],[-68.71346,-22.40011],[-68.70932,-22.39637],[-68.70575,-22.39533],[-68.69451,-22.38796],[-68.69125,-22.38463],[-68.68242,-22.38042],[-68.67332,-22.37447],[-68.66717,-22.36433],[-68.66029,-22.34312],[-68.65811,-22.34173],[-68.65205,-22.34183],[-68.65261,-22.33805],[-68.64934,-22.33762],[-68.65002,-22.32829],[-68.64881,-22.3254],[-68.6495,-22.32411],[-68.64512,-22.31962],[-68.64569,-22.31432],[-68.63799,-22.30542],[-68.63346,-22.29332],[-68.62364,-22.27845],[-68.62055,-22.26582],[-68.61042,-22.24785],[-68.60854,-22.24127],[-68.59927,-22.22337],[-68.59416,-22.1912],[-68.5957,-22.16778],[-68.59441,-22.01388],[-68.55439,-21.95835],[-68.53435,-21.94277],[-68.53129,-21.9421],[-68.52902,-21.94314],[-68.53269,-21.93993],[-68.5261,-21.93515],[-68.51123,-21.93313],[-68.51195,-21.92786],[-68.49319,-21.89332],[-68.49863,-21.87607],[-68.50132,-21.87185],[-68.50827,-21.84652],[-68.50483,-21.83813],[-68.49498,-21.83073],[-68.46006,-21.81275],[-68.45045,-21.81367],[-68.44639,-21.80796],[-68.44031,-21.80674],[-68.42734,-21.8002],[-68.39158,-21.79628],[-68.36416,-21.77262],[-68.34973,-21.76323],[-68.31297,-21.74802],[-68.30376,-21.74706],[-68.29429,-21.74385],[-68.28352,-21.73585],[-68.27831,-21.72784],[-68.27215,-21.72204],[-68.27031,-21.71763],[-68.26358,-21.71279],[-68.25035,-21.6975],[-68.25022,-21.6874],[-68.25134,-21.68249],[-68.25716,-21.67283],[-68.26336,-21.66963],[-68.26803,-21.66247],[-68.2761,-21.65415],[-68.27662,-21.65204],[-68.27524,-21.64895],[-68.27536,-21.64687],[-68.28292,-21.63487],[-68.28699,-21.63065],[-68.29324,-21.62819],[-68.3017,-21.6175],[-68.31606,-21.60445],[-68.31643,-21.60207],[-68.31162,-21.58544],[-68.31349,-21.57078],[-68.3184,-21.55191],[-68.32722,-21.54584],[-68.33843,-21.53636],[-68.35462,-21.53015],[-68.36596,-21.52387],[-68.39616,-21.49884],[-68.39828,-21.49592],[-68.39881,-21.4913],[-68.39276,-21.46536],[-68.38174,-21.4448],[-68.38529,-21.43118],[-68.38372,-21.42999],[-68.38009,-21.42951],[-68.37058,-21.43029],[-68.36753,-21.42884],[-68.3638,-21.4243],[-68.36139,-21.41228],[-68.35724,-21.40907],[-68.35432,-21.40454],[-68.35006,-21.4042],[-68.34835,-21.40224],[-68.34436,-21.40021],[-68.33415,-21.39946],[-68.33061,-21.40011],[-68.32628,-21.40282],[-68.30849,-21.3988],[-68.30568,-21.39753],[-68.3007,-21.39252],[-68.29704,-21.38665],[-68.2964,-21.38366],[-68.30009,-21.3714],[-68.29449,-21.35921],[-68.28399,-21.34992],[-68.27626,-21.32567],[-68.27336,-21.32148],[-68.27116,-21.31516],[-68.26846,-21.303],[-68.26952,-21.29556],[-68.26956,-21.27959],[-68.26278,-21.25827],[-68.25446,-21.22694],[-68.25605,-21.22532],[-68.25356,-21.2241]]}},{"type":"Feature","properties":{"jour":6,"km_calcule":227.6,"km_brochure":228,"km_piste_trace":0.0,"altitude_min_m":3663,"altitude_max_m":4345,"profil":[[0.0,3704,-21.2241,-68.25356],[2.99,3704,-21.21285,-68.22969],[5.01,3702,-21.20543,-68.21297],[7.14,3702,-21.21694,-68.19668],[9.89,3736,-21.22717,-68.17281],[12.02,3765,-21.23639,-68.15495],[14.14,3797,-21.24973,-68.14049],[16.41,3869,-21.26335,-68.12415],[18.43,3987,-21.27544,-68.10968],[20.58,4081,-21.28656,-68.09286],[23.78,4144,-21.30243,-68.06712],[25.98,4156,-21.31435,-68.05014],[28.47,4147,-21.33432,-68.04023],[30.62,4157,-21.35172,-68.03168],[32.77,4165,-21.36513,-68.01688],[34.8,4207,-21.38198,-68.00971],[36.81,4210,-21.39123,-67.99395],[38.84,4178,-21.40491,-67.98108],[41.17,4194,-21.41376,-67.96122],[43.19,4202,-21.41702,-67.94271],[45.21,4275,-21.42455,-67.9253],[47.21,4319,-21.43275,-67.90825],[49.28,4337,-21.43769,-67.88899],[51.31,4304,-21.44674,-67.87211],[53.4,4345,-21.44796,-67.85244],[55.44,4295,-21.43835,-67.83699],[57.48,4286,-21.42547,-67.82322],[60.07,4272,-21.41661,-67.80046],[62.59,4218,-21.41051,-67.77699],[64.74,4178,-21.40237,-67.7597],[67.05,4118,-21.39777,-67.73836],[69.07,4083,-21.39382,-67.71945],[71.15,3999,-21.39119,-67.69995],[73.17,3942,-21.39197,-67.68163],[75.2,3943,-21.40018,-67.66803],[77.25,3869,-21.39719,-67.64853],[79.51,3833,-21.3987,-67.62686],[81.52,3821,-21.40059,-67.60756],[83.94,3813,-21.39576,-67.5854],[85.94,3823,-21.38637,-67.56895],[88.11,3800,-21.37909,-67.54957],[90.35,3794,-21.36962,-67.53046],[92.67,3789,-21.3598,-67.51077],[94.73,3788,-21.35112,-67.49315],[97.09,3786,-21.34166,-67.4728],[99.15,3781,-21.33468,-67.45437],[101.18,3783,-21.32816,-67.43608],[103.96,3785,-21.32275,-67.40989],[106.01,3791,-21.31891,-67.39052],[108.3,3776,-21.3116,-67.36988],[110.33,3768,-21.3068,-67.35098],[112.38,3770,-21.29958,-67.33288],[114.45,3777,-21.29132,-67.31499],[116.46,3806,-21.28363,-67.29751],[118.55,3821,-21.2831,-67.27744],[120.6,3828,-21.28032,-67.25834],[122.66,3850,-21.27357,-67.24115],[124.69,3759,-21.26482,-67.22495],[126.74,3752,-21.24728,-67.22012],[128.78,3761,-21.22994,-67.21488],[130.89,3777,-21.21114,-67.21744],[133.06,3792,-21.19458,-67.20948],[135.17,3787,-21.18219,-67.19426],[137.17,3793,-21.16829,-67.18217],[139.22,3763,-21.15953,-67.16633],[141.29,3761,-21.14545,-67.15344],[143.37,3767,-21.12956,-67.14284],[145.58,3775,-21.11631,-67.12831],[147.62,3765,-21.10208,-67.11593],[149.71,3750,-21.08767,-67.10413],[151.73,3734,-21.07306,-67.09524],[154.47,3724,-21.05004,-67.08625],[156.98,3719,-21.03048,-67.07508],[159.02,3707,-21.0134,-67.06825],[161.06,3701,-20.99633,-67.06101],[163.13,3698,-20.97918,-67.0534],[165.14,3696,-20.9627,-67.04563],[167.26,3694,-20.95124,-67.02955],[169.71,3691,-20.93278,-67.01688],[171.78,3689,-20.91575,-67.00907],[173.82,3687,-20.89939,-67.00005],[176.01,3682,-20.88103,-66.99396],[178.15,3681,-20.86466,-66.98464],[180.24,3679,-20.84862,-66.9744],[182.7,3674,-20.82886,-66.96361],[185.87,3673,-20.80256,-66.95309],[188.23,3668,-20.78222,-66.94683],[190.89,3672,-20.75937,-66.93926],[192.99,3672,-20.74134,-66.93305],[195.08,3679,-20.7246,-66.92388],[197.13,3676,-20.70827,-66.91492],[199.14,3678,-20.69217,-66.90611],[201.27,3682,-20.67654,-66.89496],[203.7,3669,-20.66406,-66.87585],[205.83,3665,-20.6506,-66.86222],[207.93,3663,-20.63269,-66.8556],[210.02,3664,-20.61493,-66.84901],[212.69,3663,-20.59103,-66.84743],[214.81,3664,-20.57231,-66.84433],[217.16,3664,-20.55163,-66.83967],[219.27,3663,-20.53299,-66.83547],[222.46,3665,-20.50493,-66.82914],[224.64,3669,-20.48573,-66.82492],[226.68,3670,-20.47037,-66.82037],[227.88,3674,-20.46273,-66.82398]]},"geometry":{"type":"LineString","coordinates":[[-68.25356,-21.2241],[-68.25102,-21.22334],[-68.25064,-21.22431],[-68.24999,-21.22315],[-68.22969,-21.21285],[-68.21913,-21.20862],[-68.2142,-21.20476],[-68.19917,-21.21429],[-68.19523,-21.21805],[-68.18569,-21.22085],[-68.18054,-21.22397],[-68.16468,-21.2307],[-68.1501,-21.23969],[-68.13778,-21.25242],[-68.10802,-21.27676],[-68.08299,-21.29322],[-68.06293,-21.30501],[-68.04802,-21.31603],[-68.046,-21.319],[-68.03498,-21.34757],[-68.02439,-21.35922],[-68.01568,-21.36669],[-68.00935,-21.38283],[-68.00621,-21.38655],[-67.99395,-21.39123],[-67.98465,-21.4021],[-67.97123,-21.41162],[-67.95619,-21.41442],[-67.94722,-21.41442],[-67.94249,-21.41711],[-67.93482,-21.419],[-67.92778,-21.42364],[-67.92079,-21.42566],[-67.90782,-21.43294],[-67.8867,-21.43841],[-67.87371,-21.44598],[-67.86956,-21.44734],[-67.86149,-21.446],[-67.85244,-21.44796],[-67.84822,-21.44754],[-67.84113,-21.44375],[-67.83626,-21.43762],[-67.82899,-21.43236],[-67.82209,-21.42443],[-67.81721,-21.42129],[-67.77335,-21.40946],[-67.76327,-21.40562],[-67.76171,-21.4025],[-67.75795,-21.40225],[-67.74755,-21.39892],[-67.72607,-21.39611],[-67.71669,-21.39292],[-67.70691,-21.39309],[-67.69643,-21.39036],[-67.68729,-21.38912],[-67.68193,-21.39162],[-67.67904,-21.39905],[-67.67682,-21.4004],[-67.66741,-21.40011],[-67.64853,-21.39719],[-67.60403,-21.401],[-67.59314,-21.39972],[-67.5713,-21.38745],[-67.55422,-21.38136],[-67.47807,-21.34375],[-67.44492,-21.33112],[-67.42823,-21.32617],[-67.39323,-21.31967],[-67.37552,-21.31313],[-67.34405,-21.30498],[-67.29751,-21.28363],[-67.2906,-21.28269],[-67.26866,-21.28377],[-67.24888,-21.27824],[-67.24633,-21.2751],[-67.24336,-21.27492],[-67.24014,-21.27301],[-67.23081,-21.27068],[-67.22528,-21.26554],[-67.22391,-21.25517],[-67.21591,-21.23921],[-67.21488,-21.22728],[-67.21753,-21.20973],[-67.21523,-21.19893],[-67.198,-21.18403],[-67.19267,-21.18108],[-67.18178,-21.16796],[-67.17263,-21.16618],[-67.1696,-21.16228],[-67.15985,-21.15402],[-67.13824,-21.12262],[-67.13184,-21.12019],[-67.11499,-21.10107],[-67.10487,-21.09171],[-67.10322,-21.08091],[-67.09556,-21.07449],[-67.09405,-21.06668],[-67.08625,-21.05004],[-67.08492,-21.0438],[-67.07283,-21.02693],[-67.05936,-20.99158],[-67.04707,-20.96471],[-67.04448,-20.96168],[-67.03538,-20.95675],[-67.03135,-20.95349],[-67.01973,-20.93843],[-67.01004,-20.91757],[-66.99461,-20.88938],[-66.99291,-20.87433],[-66.98126,-20.86093],[-66.9678,-20.83564],[-66.95607,-20.81664],[-66.95233,-20.79902],[-66.93373,-20.74269],[-66.89941,-20.67989],[-66.86603,-20.65765],[-66.86329,-20.65327],[-66.84843,-20.61297],[-66.847,-20.58419],[-66.8249,-20.48565],[-66.82114,-20.47459],[-66.81835,-20.47222],[-66.82037,-20.47037],[-66.81991,-20.4692],[-66.82555,-20.4644],[-66.82398,-20.46273]]}},{"type":"Feature","properties":{"jour":7,"km_calcule":123.6,"km_brochure":140,"km_piste_trace":101.7,"altitude_min_m":3654,"altitude_max_m":3683,"profil":[[0.0,3674,-20.46273,-66.82398],[2.05,3673,-20.44955,-66.8342],[4.18,3676,-20.43279,-66.84412],[6.22,3682,-20.41754,-66.85502],[8.26,3683,-20.40344,-66.86752],[10.5,3674,-20.3873,-66.88024],[13.06,3669,-20.36866,-66.89465],[15.07,3667,-20.35416,-66.90525],[17.33,3666,-20.33597,-66.91405],[19.36,3667,-20.3209,-66.92481],[21.44,3667,-20.30359,-66.93158],[23.49,3664,-20.2988,-66.94772],[26.51,3661,-20.29641,-66.97657],[29.53,3654,-20.29402,-67.00541],[32.55,3657,-20.29163,-67.03426],[35.57,3659,-20.28924,-67.06311],[38.59,3659,-20.28685,-67.09195],[41.61,3658,-20.28445,-67.1208],[44.63,3659,-20.28206,-67.14964],[47.65,3659,-20.27967,-67.17849],[50.67,3658,-20.27728,-67.20734],[53.69,3658,-20.27489,-67.23618],[56.71,3659,-20.2725,-67.26503],[59.73,3658,-20.2701,-67.29387],[62.75,3658,-20.26771,-67.32272],[65.78,3657,-20.26532,-67.35156],[68.8,3658,-20.26293,-67.38041],[71.82,3661,-20.26054,-67.40926],[74.84,3657,-20.25815,-67.4381],[77.86,3658,-20.25575,-67.46695],[80.88,3658,-20.25336,-67.49579],[83.9,3659,-20.25097,-67.52464],[86.92,3660,-20.24858,-67.55349],[89.94,3661,-20.24619,-67.58233],[92.96,3660,-20.2438,-67.61118],[96.01,3660,-20.22878,-67.62531],[99.09,3662,-20.20114,-67.62472],[102.16,3661,-20.17349,-67.62413],[105.23,3659,-20.14585,-67.62354],[108.31,3659,-20.11821,-67.62295],[111.38,3661,-20.09057,-67.62236],[114.46,3661,-20.06293,-67.62177],[117.53,3661,-20.03528,-67.62118],[120.61,3660,-20.00764,-67.62059],[123.68,3661,-19.98,-67.62]]},"geometry":{"type":"LineString","coordinates":[[-66.82398,-20.46273],[-66.8224,-20.46106],[-66.8327,-20.45245],[-66.8507,-20.42247],[-66.8711,-20.39945],[-66.90064,-20.36084],[-66.90471,-20.35735],[-66.90554,-20.35115],[-66.90779,-20.34841],[-66.91542,-20.3333],[-66.92449,-20.3214],[-66.9302,-20.31124],[-66.93217,-20.30024],[-67.6256,-20.2426],[-67.62,-19.98]]}},{"type":"Feature","properties":{"jour":8,"km_calcule":330.2,"km_brochure":305,"km_piste_trace":0.0,"altitude_min_m":3657,"altitude_max_m":4547,"profil":[[0.0,3659,-19.97999,-67.62187],[3.36,3660,-19.94975,-67.6218],[5.76,3657,-19.9282,-67.62175],[8.06,3657,-19.9075,-67.62195],[10.07,3674,-19.89993,-67.61061],[12.08,3678,-19.89368,-67.59482],[14.14,3686,-19.8801,-67.58169],[16.49,3685,-19.86027,-67.57414],[18.5,3811,-19.85414,-67.58374],[20.52,4073,-19.84451,-67.5967],[22.54,4323,-19.84003,-67.60672],[24.55,4541,-19.83354,-67.61988],[26.56,4547,-19.83283,-67.62016],[28.58,4329,-19.83939,-67.60711],[30.58,4085,-19.84371,-67.59696],[32.6,3827,-19.85334,-67.58415],[34.63,3695,-19.85164,-67.57162],[36.67,3765,-19.83513,-67.56706],[38.74,3773,-19.81932,-67.5647],[40.79,3709,-19.80257,-67.57244],[42.87,3670,-19.7901,-67.58445],[44.93,3673,-19.77778,-67.59906],[46.94,3674,-19.76978,-67.6161],[48.95,3676,-19.7655,-67.6343],[50.96,3684,-19.76247,-67.65238],[53.14,3669,-19.7543,-67.66615],[55.21,3673,-19.73744,-67.67426],[57.23,3679,-19.72052,-67.67863],[59.39,3685,-19.70154,-67.67982],[61.53,3682,-19.68293,-67.67945],[63.55,3714,-19.66688,-67.68641],[65.57,3707,-19.65534,-67.67388],[67.6,3724,-19.64048,-67.67054],[69.63,3712,-19.64361,-67.65159],[71.67,3679,-19.63786,-67.6341],[73.73,3675,-19.63092,-67.61656],[75.86,3677,-19.62953,-67.59852],[77.89,3684,-19.61844,-67.58668],[79.93,3681,-19.60569,-67.57431],[82.6,3677,-19.59669,-67.55335],[84.78,3670,-19.5881,-67.53574],[86.99,3663,-19.57261,-67.52262],[89.07,3667,-19.5575,-67.51102],[91.29,3667,-19.54133,-67.49854],[93.32,3670,-19.52619,-67.48769],[95.52,3677,-19.51315,-67.47202],[97.77,3681,-19.49955,-67.45607],[99.87,3690,-19.48586,-67.44241],[101.88,3704,-19.47315,-67.42898],[103.9,3710,-19.46389,-67.41637],[105.92,3715,-19.45249,-67.40137],[108.01,3712,-19.44215,-67.38485],[110.09,3727,-19.43446,-67.36698],[112.1,3741,-19.43196,-67.35117],[114.15,3834,-19.42371,-67.33649],[116.24,3766,-19.4145,-67.31985],[118.79,3755,-19.40702,-67.29709],[120.82,3727,-19.39673,-67.2812],[122.84,3723,-19.38643,-67.26542],[124.93,3763,-19.37402,-67.2507],[127.49,3748,-19.36148,-67.23036],[129.55,3743,-19.35529,-67.21234],[132.45,3720,-19.34307,-67.18796],[134.47,3719,-19.33288,-67.17275],[137.58,3723,-19.31757,-67.14856],[139.6,3720,-19.30842,-67.13193],[141.93,3723,-19.29897,-67.11213],[144.95,3708,-19.28834,-67.08563],[146.99,3704,-19.28142,-67.06766],[149.0,3704,-19.27401,-67.05015],[151.08,3707,-19.26623,-67.03211],[153.13,3711,-19.25863,-67.01436],[156.37,3711,-19.24658,-66.98625],[158.51,3706,-19.23861,-66.96768],[160.62,3744,-19.23078,-66.94938],[163.12,3706,-19.22333,-66.93019],[176.93,3709,-19.17338,-66.80984],[179.82,3721,-19.1702,-66.78281],[181.93,3724,-19.15442,-66.77418],[184.15,3725,-19.13509,-66.76928],[186.4,3727,-19.11504,-66.7701],[189.14,3733,-19.09053,-66.77355],[191.93,3750,-19.06574,-66.7771],[194.76,3760,-19.04035,-66.77808],[196.94,3746,-19.02082,-66.77765],[198.95,3738,-19.00302,-66.77673],[201.52,3732,-18.98018,-66.78034],[203.56,3731,-18.96189,-66.78062],[205.98,3722,-18.94017,-66.7796],[208.15,3722,-18.92062,-66.77832],[210.19,3725,-18.90239,-66.77686],[212.19,3720,-18.89222,-66.77985],[214.23,3712,-18.87766,-66.79162],[216.38,3709,-18.86238,-66.80416],[221.5,3709,-18.82239,-66.82799],[223.86,3710,-18.80352,-66.83828],[225.94,3709,-18.78691,-66.84736],[228.19,3707,-18.76894,-66.85712],[230.44,3706,-18.7499,-66.86408],[232.46,3705,-18.73276,-66.86984],[234.51,3709,-18.7154,-66.86926],[236.74,3706,-18.69829,-66.87851],[239.44,3709,-18.67462,-66.88397],[241.81,3706,-18.65422,-66.89009],[247.25,3720,-18.60838,-66.90818],[249.33,3720,-18.5954,-66.92191],[251.59,3713,-18.5793,-66.93449],[254.33,3714,-18.55757,-66.94629],[257.46,3707,-18.5305,-66.95424],[259.88,3709,-18.50924,-66.95917],[261.98,3721,-18.49074,-66.96342],[265.4,3715,-18.46068,-66.96993],[268.32,3709,-18.43456,-66.97308],[270.37,3714,-18.41625,-66.97547],[273.09,3724,-18.39192,-66.97825],[275.38,3725,-18.37146,-66.98065],[277.64,3722,-18.35145,-66.98426],[279.65,3712,-18.33358,-66.987],[281.8,3714,-18.31444,-66.98973],[283.84,3718,-18.29627,-66.99241],[286.21,3710,-18.27526,-66.99646],[288.37,3706,-18.25621,-67.00038],[290.57,3706,-18.23684,-67.00442],[295.21,3710,-18.1959,-67.01296],[297.21,3720,-18.17821,-67.01579],[299.36,3745,-18.16383,-67.00472],[301.44,3742,-18.16281,-66.9878],[303.52,3743,-18.14529,-66.9913],[305.77,3733,-18.12679,-67.00006],[307.98,3723,-18.10777,-67.00603],[310.08,3720,-18.08949,-67.01051],[313.1,3726,-18.06299,-67.00572],[315.11,3732,-18.04636,-67.01239],[317.16,3721,-18.03,-67.02138],[319.17,3722,-18.01581,-67.03312],[321.25,3722,-17.9999,-67.04337],[323.28,3734,-17.98285,-67.04984],[325.3,3721,-17.97657,-67.06622],[327.35,3715,-17.97308,-67.08525],[329.45,3717,-17.96897,-67.10465],[330.86,3731,-17.96949,-67.11509]]},"geometry":{"type":"LineString","coordinates":[[-67.62187,-19.97999],[-67.62182,-19.91208],[-67.62327,-19.90239],[-67.62265,-19.90164],[-67.61833,-19.90182],[-67.60834,-19.90005],[-67.60726,-19.89898],[-67.60165,-19.89928],[-67.59816,-19.89746],[-67.5969,-19.89533],[-67.59024,-19.89043],[-67.58106,-19.87935],[-67.57304,-19.85606],[-67.57704,-19.85297],[-67.57857,-19.85289],[-67.57927,-19.85419],[-67.57986,-19.85349],[-67.58357,-19.85442],[-67.58473,-19.85205],[-67.58643,-19.85192],[-67.59012,-19.84827],[-67.59245,-19.84847],[-67.59636,-19.84642],[-67.59678,-19.844],[-67.59916,-19.8408],[-67.601,-19.84267],[-67.60243,-19.84268],[-67.60214,-19.83948],[-67.60612,-19.84127],[-67.60813,-19.83765],[-67.60966,-19.83725],[-67.60982,-19.83813],[-67.6116,-19.83811],[-67.61415,-19.83737],[-67.61546,-19.8357],[-67.61692,-19.83597],[-67.61948,-19.83462],[-67.62016,-19.83283],[-67.62189,-19.83181],[-67.6225,-19.83228],[-67.62186,-19.82852],[-67.62076,-19.82729],[-67.62199,-19.82888],[-67.6225,-19.83228],[-67.62189,-19.83181],[-67.62016,-19.83283],[-67.61953,-19.83459],[-67.61692,-19.83597],[-67.61546,-19.8357],[-67.61415,-19.83737],[-67.6116,-19.83811],[-67.60982,-19.83813],[-67.60966,-19.83725],[-67.60813,-19.83765],[-67.60612,-19.84127],[-67.60214,-19.83948],[-67.60243,-19.84268],[-67.601,-19.84267],[-67.59916,-19.8408],[-67.59678,-19.844],[-67.59636,-19.84642],[-67.59245,-19.84847],[-67.59012,-19.84827],[-67.58643,-19.85192],[-67.58473,-19.85205],[-67.58357,-19.85442],[-67.57986,-19.85349],[-67.57927,-19.85419],[-67.57817,-19.85281],[-67.57282,-19.85555],[-67.57075,-19.84892],[-67.57194,-19.84429],[-67.57163,-19.8415],[-67.56677,-19.83476],[-67.56304,-19.83211],[-67.56165,-19.82755],[-67.56917,-19.80679],[-67.57278,-19.80209],[-67.57742,-19.79885],[-67.57721,-19.79503],[-67.58589,-19.78901],[-67.5965,-19.77936],[-67.60307,-19.77507],[-67.61023,-19.77146],[-67.62558,-19.76673],[-67.6375,-19.7651],[-67.64327,-19.7622],[-67.66444,-19.76181],[-67.6646,-19.75772],[-67.6747,-19.73599],[-67.6754,-19.73141],[-67.67484,-19.72615],[-67.67968,-19.71743],[-67.67836,-19.71282],[-67.68001,-19.69722],[-67.6777,-19.68762],[-67.68329,-19.673],[-67.68712,-19.66772],[-67.68435,-19.66458],[-67.68289,-19.66542],[-67.67236,-19.65333],[-67.6721,-19.64563],[-67.67371,-19.64093],[-67.66765,-19.6406],[-67.66022,-19.64268],[-67.65094,-19.64367],[-67.64223,-19.64336],[-67.6291,-19.63432],[-67.62175,-19.63372],[-67.61563,-19.6307],[-67.60987,-19.6331],[-67.60835,-19.63177],[-67.6052,-19.63175],[-67.60128,-19.62955],[-67.59549,-19.62931],[-67.59024,-19.62697],[-67.58639,-19.62285],[-67.58665,-19.61748],[-67.58294,-19.61032],[-67.56931,-19.60348],[-67.56851,-19.59965],[-67.54122,-19.59385],[-67.52682,-19.57907],[-67.48769,-19.52619],[-67.45083,-19.49508],[-67.44155,-19.48494],[-67.43157,-19.47696],[-67.4285,-19.47234],[-67.42587,-19.46504],[-67.42324,-19.4637],[-67.4158,-19.4636],[-67.39624,-19.4487],[-67.37731,-19.43738],[-67.36441,-19.43374],[-67.36073,-19.43007],[-67.35633,-19.42899],[-67.35307,-19.43171],[-67.35117,-19.43196],[-67.34521,-19.42814],[-67.33931,-19.42707],[-67.33839,-19.42375],[-67.33507,-19.42373],[-67.33171,-19.42013],[-67.32346,-19.41714],[-67.31727,-19.41276],[-67.29642,-19.40677],[-67.2865,-19.3996],[-67.25745,-19.38154],[-67.24964,-19.37303],[-67.2228,-19.35692],[-67.2103,-19.35475],[-67.17469,-19.33612],[-67.17136,-19.33038],[-67.1192,-19.30205],[-67.06572,-19.28066],[-66.94857,-19.23041],[-66.94339,-19.23172],[-66.94078,-19.23075],[-66.94,-19.2275],[-66.93778,-19.22646],[-66.80711,-19.17219],[-66.80313,-19.17246],[-66.77989,-19.16961],[-66.77122,-19.14681],[-66.76833,-19.1273],[-66.77829,-19.057],[-66.77811,-19.03486],[-66.77709,-19.02323],[-66.77768,-19.02065],[-66.77589,-19.00619],[-66.78109,-18.9748],[-66.77722,-18.90592],[-66.77686,-18.90239],[-66.7742,-18.90304],[-66.77408,-18.90207],[-66.77685,-18.90224],[-66.77657,-18.8974],[-66.77736,-18.89512],[-66.80813,-18.85739],[-66.81291,-18.84994],[-66.86061,-18.76257],[-66.86206,-18.75538],[-66.86997,-18.73463],[-66.86652,-18.72474],[-66.86724,-18.71982],[-66.86958,-18.71489],[-66.87473,-18.71073],[-66.87761,-18.70279],[-66.88577,-18.66515],[-66.90932,-18.60603],[-66.91311,-18.60147],[-66.92572,-18.59268],[-66.94233,-18.56814],[-66.95084,-18.54519],[-66.96576,-18.48076],[-66.97015,-18.45961],[-66.98001,-18.37496],[-66.98544,-18.34448],[-66.99352,-18.2892],[-67.01611,-18.18023],[-67.00871,-18.16439],[-67.00667,-18.16367],[-67.00164,-18.16408],[-66.99062,-18.16663],[-66.98757,-18.16235],[-66.98632,-18.15695],[-67.00191,-18.12263],[-67.01038,-18.09215],[-67.01034,-18.08862],[-67.00587,-18.07538],[-67.00613,-18.05891],[-67.02065,-18.03105],[-67.03975,-18.00668],[-67.04866,-17.98916],[-67.05081,-17.98006],[-67.05812,-17.97778],[-67.10786,-17.96816],[-67.1096,-17.97054],[-67.11509,-17.96949]]}},{"type":"Feature","properties":{"jour":9,"km_calcule":354.0,"km_brochure":350,"km_piste_trace":0.0,"altitude_min_m":3715,"altitude_max_m":4262,"profil":[[0.0,3731,-17.96949,-67.11509],[2.05,3725,-17.95567,-67.10912],[4.09,3726,-17.93914,-67.11472],[6.16,3715,-17.92146,-67.11997],[8.24,3715,-17.90343,-67.12509],[10.36,3716,-17.88508,-67.13061],[12.38,3717,-17.8677,-67.13609],[14.69,3720,-17.84774,-67.14232],[16.82,3723,-17.82935,-67.14793],[18.97,3724,-17.81104,-67.1542],[21.33,3727,-17.79082,-67.16113],[23.53,3730,-17.77203,-67.16756],[25.85,3733,-17.75215,-67.17438],[28.6,3735,-17.72871,-67.18246],[31.05,3741,-17.70778,-67.18966],[33.29,3755,-17.68863,-67.19625],[35.85,3770,-17.66671,-67.20367],[38.09,3772,-17.65057,-67.21533],[40.1,3805,-17.63627,-67.22582],[42.21,3818,-17.62229,-67.23819],[47.12,3863,-17.59773,-67.27667],[49.23,3864,-17.58904,-67.29426],[51.37,3889,-17.58044,-67.31236],[53.79,3876,-17.57008,-67.33238],[56.1,3876,-17.56054,-67.3518],[58.13,3881,-17.55499,-67.36993],[60.86,3935,-17.54065,-67.39073],[63.15,3917,-17.52869,-67.40831],[66.04,3929,-17.51165,-67.42881],[68.08,3914,-17.49808,-67.44136],[71.94,3864,-17.47493,-67.4684],[74.07,3825,-17.46256,-67.48376],[76.08,3789,-17.45178,-67.49888],[78.3,3780,-17.44001,-67.51578],[80.35,3776,-17.42889,-67.5312],[82.65,3768,-17.41657,-67.54865],[84.66,3772,-17.40583,-67.56392],[86.87,3777,-17.39383,-67.58042],[88.88,3773,-17.39056,-67.59894],[91.84,3777,-17.38653,-67.62653],[93.85,3779,-17.38521,-67.64546],[95.94,3789,-17.37933,-67.66407],[97.97,3805,-17.37139,-67.68128],[100.28,3848,-17.35929,-67.69896],[102.74,3892,-17.34645,-67.71782],[104.76,3919,-17.33761,-67.7342],[106.84,3933,-17.32775,-67.75024],[110.82,3874,-17.3101,-67.78291],[113.66,3896,-17.29766,-67.80624],[116.31,3860,-17.28605,-67.82798],[120.02,3851,-17.26989,-67.85856],[123.34,3821,-17.25518,-67.88581],[125.35,3814,-17.2421,-67.8985],[127.5,3819,-17.22746,-67.91177],[129.53,3831,-17.21564,-67.92618],[131.87,3841,-17.19839,-67.93883],[133.9,3852,-17.18065,-67.9379],[136.22,3849,-17.16186,-67.94494],[138.52,3855,-17.14299,-67.95077],[140.57,3868,-17.12779,-67.96061],[142.79,3894,-17.1148,-67.97608],[145.23,3881,-17.10324,-67.99501],[147.31,3894,-17.09093,-68.00977],[150.63,3930,-17.06578,-68.02646],[153.05,3941,-17.04715,-68.03832],[155.33,3960,-17.02961,-68.04946],[157.4,3971,-17.01628,-68.06256],[159.44,3977,-17.00028,-68.0708],[161.47,3998,-16.98388,-68.07906],[163.47,4010,-16.9674,-68.08662],[165.81,4003,-16.94918,-68.09663],[167.81,4005,-16.93475,-68.10796],[169.82,3996,-16.91811,-68.11517],[171.88,4023,-16.9012,-68.12325],[174.74,4066,-16.87686,-68.13159],[176.79,4056,-16.86094,-68.14056],[178.83,4017,-16.84634,-68.15216],[180.92,3998,-16.83031,-68.16239],[183.27,3970,-16.81134,-68.17209],[185.33,3949,-16.79462,-68.1802],[187.52,3933,-16.77497,-68.18178],[189.69,3928,-16.75547,-68.18314],[192.34,3937,-16.73172,-68.18478],[194.39,3929,-16.7133,-68.18595],[196.67,3941,-16.69312,-68.18961],[198.84,3941,-16.67433,-68.18562],[200.88,3984,-16.6569,-68.17974],[203.02,3945,-16.6377,-68.18113],[205.1,3957,-16.61902,-68.18244],[207.22,3969,-16.59994,-68.18379],[209.24,3975,-16.58311,-68.18415],[211.27,3971,-16.57338,-68.19956],[213.28,3965,-16.56139,-68.21367],[215.28,3965,-16.54988,-68.22271],[217.39,3970,-16.53187,-68.22816],[219.41,3983,-16.51441,-68.23042],[221.47,4015,-16.49593,-68.22985],[223.48,4037,-16.48383,-68.23665],[225.58,4015,-16.47947,-68.2558],[227.71,3985,-16.47556,-68.27531],[229.76,3965,-16.46997,-68.29361],[232.27,3951,-16.45727,-68.31225],[234.33,3956,-16.44339,-68.32506],[236.43,3945,-16.42764,-68.33575],[239.65,3944,-16.40528,-68.35446],[242.17,3945,-16.38824,-68.36998],[244.46,3973,-16.37254,-68.38392],[246.49,3982,-16.35884,-68.39651],[248.71,3982,-16.34274,-68.40881],[250.75,3971,-16.32977,-68.42225],[252.83,3962,-16.31932,-68.43828],[254.85,3939,-16.31116,-68.45516],[257.0,3915,-16.30639,-68.47464],[259.03,3896,-16.30021,-68.49227],[261.07,3875,-16.29922,-68.5112],[263.14,3855,-16.29769,-68.53049],[265.17,3845,-16.28642,-68.54461],[267.19,3847,-16.27033,-68.55322],[269.28,3836,-16.25538,-68.56495],[271.38,3830,-16.24014,-68.57558],[273.53,3836,-16.22305,-68.58471],[275.56,3833,-16.20725,-68.59423],[277.63,3830,-16.1914,-68.60425],[279.65,3830,-16.19206,-68.62197],[281.7,3842,-16.20466,-68.63419],[283.71,3851,-16.21574,-68.64789],[285.75,3840,-16.21563,-68.66613],[287.77,3829,-16.21414,-68.6844],[289.79,3846,-16.20728,-68.70049],[291.86,3852,-16.19768,-68.71671],[294.06,3828,-16.19182,-68.73618],[296.09,3847,-16.19202,-68.75365],[298.39,3829,-16.18116,-68.77196],[300.45,3838,-16.17518,-68.78983],[302.47,3850,-16.17638,-68.80832],[304.54,3843,-16.16668,-68.82464],[306.61,3918,-16.18242,-68.82476],[308.68,3979,-16.19788,-68.82552],[310.74,3982,-16.20932,-68.83496],[312.74,3930,-16.21863,-68.83253],[315.38,3820,-16.22108,-68.85181],[317.46,3928,-16.22424,-68.85476],[319.6,3958,-16.21554,-68.86861],[321.6,3979,-16.20829,-68.88232],[323.61,4048,-16.20289,-68.89887],[326.02,4021,-16.19197,-68.91544],[328.09,4012,-16.18927,-68.93299],[330.12,4011,-16.1843,-68.95034],[332.13,4079,-16.18546,-68.96592],[334.22,4076,-16.18569,-68.98034],[336.37,4182,-16.16792,-68.98503],[338.4,4195,-16.15433,-68.9957],[340.45,4199,-16.15126,-69.00699],[342.48,4262,-16.14523,-69.01794],[344.49,4236,-16.14166,-69.0328],[346.49,4163,-16.1491,-69.042],[348.5,4130,-16.15801,-69.05415],[350.59,4019,-16.16722,-69.0624],[352.62,3928,-16.17542,-69.07245],[354.64,3863,-16.16688,-69.08519],[354.66,3862,-16.16675,-69.08519]]},"geometry":{"type":"LineString","coordinates":[[-67.11509,-17.96949],[-67.11262,-17.97063],[-67.11229,-17.96983],[-67.11062,-17.96505],[-67.10897,-17.95437],[-67.11359,-17.94652],[-67.11377,-17.94235],[-67.11802,-17.92676],[-67.14863,-17.82725],[-67.20565,-17.66067],[-67.20906,-17.65561],[-67.2237,-17.64269],[-67.22539,-17.63959],[-67.22633,-17.63337],[-67.23011,-17.62865],[-67.24012,-17.62091],[-67.28807,-17.5912],[-67.30814,-17.58248],[-67.35645,-17.55827],[-67.37058,-17.55457],[-67.41594,-17.52376],[-67.43936,-17.50186],[-67.44446,-17.4944],[-67.48376,-17.46256],[-67.58076,-17.39362],[-67.62894,-17.38616],[-67.64696,-17.38499],[-67.65753,-17.38217],[-67.68049,-17.37185],[-67.72699,-17.34003],[-67.74262,-17.33487],[-67.75227,-17.32642],[-67.88718,-17.2544],[-67.89307,-17.24956],[-67.90065,-17.23939],[-67.91374,-17.22538],[-67.92481,-17.21688],[-67.9295,-17.21204],[-67.9399,-17.19641],[-67.9379,-17.18065],[-67.94208,-17.17502],[-67.94544,-17.16767],[-67.94421,-17.15573],[-67.94692,-17.14738],[-67.95664,-17.13755],[-67.95953,-17.1292],[-67.96747,-17.11997],[-67.97691,-17.11439],[-67.98477,-17.11191],[-68.01051,-17.09017],[-68.05334,-17.02353],[-68.05726,-17.01957],[-68.06344,-17.01555],[-68.06864,-17.00851],[-68.07126,-16.99885],[-68.08602,-16.96924],[-68.08872,-16.9592],[-68.10858,-16.93354],[-68.1245,-16.8985],[-68.13306,-16.87289],[-68.14056,-16.86094],[-68.15767,-16.83938],[-68.1796,-16.79638],[-68.18064,-16.79166],[-68.18601,-16.71267],[-68.19011,-16.68797],[-68.17974,-16.6569],[-68.18489,-16.58423],[-68.18489,-16.58293],[-68.18415,-16.58311],[-68.19686,-16.57594],[-68.21436,-16.56073],[-68.21352,-16.55931],[-68.21464,-16.56052],[-68.22151,-16.55309],[-68.22668,-16.53924],[-68.22969,-16.52483],[-68.23073,-16.50596],[-68.22874,-16.48767],[-68.22926,-16.48545],[-68.26561,-16.47718],[-68.28074,-16.47462],[-68.30461,-16.46543],[-68.33035,-16.43759],[-68.34069,-16.41879],[-68.35741,-16.40235],[-68.39525,-16.36034],[-68.41018,-16.34111],[-68.42878,-16.32425],[-68.45334,-16.31166],[-68.47784,-16.30558],[-68.48579,-16.30114],[-68.50134,-16.2989],[-68.50789,-16.29941],[-68.52922,-16.29801],[-68.53769,-16.29495],[-68.5477,-16.28236],[-68.55412,-16.26851],[-68.56177,-16.25867],[-68.56888,-16.25132],[-68.56962,-16.24718],[-68.57606,-16.23951],[-68.57878,-16.23192],[-68.59865,-16.19934],[-68.60478,-16.19071],[-68.60669,-16.18944],[-68.62146,-16.19161],[-68.62303,-16.19498],[-68.63059,-16.19853],[-68.63494,-16.20558],[-68.64229,-16.211],[-68.64621,-16.21599],[-68.65202,-16.21377],[-68.66742,-16.21567],[-68.67031,-16.21479],[-68.67859,-16.2147],[-68.68087,-16.21355],[-68.68404,-16.21423],[-68.68653,-16.21247],[-68.68947,-16.21247],[-68.69272,-16.21046],[-68.69753,-16.21043],[-68.70083,-16.20703],[-68.70713,-16.20498],[-68.71454,-16.19888],[-68.72129,-16.19525],[-68.74793,-16.18955],[-68.75119,-16.19216],[-68.75269,-16.19233],[-68.75972,-16.18904],[-68.77389,-16.18006],[-68.77883,-16.17872],[-68.78319,-16.17629],[-68.79505,-16.17423],[-68.80801,-16.17648],[-68.81111,-16.17359],[-68.81818,-16.16944],[-68.82543,-16.16656],[-68.8283,-16.1705],[-68.82825,-16.17266],[-68.82696,-16.17461],[-68.82751,-16.17663],[-68.8246,-16.18286],[-68.82256,-16.19038],[-68.82244,-16.19751],[-68.82787,-16.1976],[-68.82996,-16.19873],[-68.83263,-16.20274],[-68.83199,-16.20842],[-68.84039,-16.21013],[-68.84017,-16.21274],[-68.83425,-16.21634],[-68.83253,-16.21863],[-68.83534,-16.21871],[-68.83882,-16.21692],[-68.84357,-16.21626],[-68.84749,-16.21411],[-68.85308,-16.22196],[-68.84811,-16.22586],[-68.85087,-16.22543],[-68.85182,-16.22742],[-68.8541,-16.22674],[-68.85476,-16.22424],[-68.85858,-16.22119],[-68.86163,-16.22066],[-68.8629,-16.21879],[-68.86628,-16.21936],[-68.86861,-16.21554],[-68.87092,-16.21635],[-68.87798,-16.21137],[-68.87905,-16.20968],[-68.88099,-16.21021],[-68.88232,-16.20829],[-68.88433,-16.20801],[-68.88605,-16.20643],[-68.89177,-16.20556],[-68.89819,-16.20264],[-68.90129,-16.2027],[-68.90359,-16.20023],[-68.90812,-16.20055],[-68.91375,-16.19578],[-68.9159,-16.19164],[-68.91912,-16.19197],[-68.92878,-16.18864],[-68.93212,-16.19006],[-68.93338,-16.1891],[-68.93822,-16.18905],[-68.94587,-16.18709],[-68.95034,-16.1843],[-68.95312,-16.18534],[-68.9582,-16.18501],[-68.96002,-16.18782],[-68.96345,-16.18721],[-68.96567,-16.18533],[-68.96753,-16.18823],[-68.97163,-16.18844],[-68.9733,-16.18998],[-68.97565,-16.19045],[-68.97916,-16.18604],[-68.9817,-16.18462],[-68.98323,-16.17594],[-68.98292,-16.17223],[-68.98696,-16.16364],[-68.98952,-16.16289],[-68.99579,-16.15424],[-68.99884,-16.15509],[-68.99972,-16.15216],[-69.00515,-16.14843],[-69.00748,-16.14838],[-69.00725,-16.15189],[-69.00989,-16.15336],[-69.01483,-16.15423],[-69.01776,-16.14562],[-69.01915,-16.144],[-69.02439,-16.14578],[-69.02734,-16.14195],[-69.03252,-16.14118],[-69.03274,-16.14864],[-69.038,-16.14962],[-69.04067,-16.14767],[-69.04245,-16.15128],[-69.04413,-16.15264],[-69.04772,-16.15182],[-69.05071,-16.15466],[-69.05195,-16.15739],[-69.05398,-16.15765],[-69.05307,-16.1603],[-69.06253,-16.16126],[-69.06346,-16.1657],[-69.06135,-16.16883],[-69.06417,-16.17106],[-69.0645,-16.17474],[-69.06751,-16.17356],[-69.06841,-16.17461],[-69.07428,-16.17578],[-69.07476,-16.17387],[-69.07706,-16.17316],[-69.07785,-16.17041],[-69.08412,-16.16883],[-69.08532,-16.16813],[-69.08519,-16.16675]]}},{"type":"Feature","properties":{"jour":11,"km_calcule":227.6,"km_brochure":240,"km_piste_trace":0.0,"altitude_min_m":3817,"altitude_max_m":3985,"profil":[[0.0,3862,-16.16675,-69.08519],[2.12,3867,-16.18022,-69.09391],[4.26,3858,-16.19121,-69.09019],[6.33,3847,-16.2066,-69.08267],[8.35,3842,-16.21968,-69.09058],[10.45,3827,-16.23619,-69.09315],[12.49,3837,-16.25076,-69.09838],[14.8,3866,-16.26925,-69.09569],[16.91,3848,-16.28729,-69.09229],[18.91,3884,-16.29703,-69.09854],[20.99,3846,-16.28385,-69.09357],[23.0,3858,-16.26783,-69.10013],[25.21,3829,-16.25104,-69.11025],[27.26,3832,-16.2551,-69.12896],[29.39,3839,-16.25969,-69.14832],[31.4,3840,-16.26434,-69.16653],[34.5,3839,-16.26952,-69.19503],[36.77,3837,-16.27709,-69.21409],[38.78,3837,-16.28991,-69.22714],[40.89,3834,-16.30147,-69.24253],[43.07,3828,-16.31634,-69.25578],[45.27,3832,-16.30986,-69.26803],[47.4,3828,-16.29373,-69.27886],[49.45,3841,-16.27789,-69.28748],[51.62,3833,-16.26318,-69.29608],[53.64,3856,-16.25555,-69.30688],[55.77,3826,-16.25722,-69.32588],[58.05,3828,-16.25445,-69.34702],[60.05,3836,-16.24789,-69.36426],[62.08,3833,-16.2351,-69.3777],[64.28,3827,-16.22038,-69.39135],[66.31,3838,-16.20622,-69.40318],[68.33,3923,-16.20205,-69.41734],[70.59,3985,-16.20812,-69.43655],[72.61,3943,-16.21582,-69.45302],[74.69,3835,-16.22013,-69.47023],[76.77,3828,-16.2185,-69.48945],[78.84,3825,-16.21255,-69.50775],[80.87,3825,-16.19993,-69.52094],[82.97,3825,-16.18392,-69.53117],[84.97,3833,-16.16724,-69.53823],[87.01,3843,-16.15542,-69.5527],[89.23,3852,-16.1441,-69.56977],[91.52,3838,-16.12889,-69.5821],[93.76,3839,-16.11472,-69.59691],[95.86,3838,-16.10196,-69.61141],[98.06,3852,-16.09224,-69.62906],[100.1,3853,-16.08595,-69.64513],[102.26,3841,-16.07627,-69.66212],[104.49,3850,-16.06807,-69.68125],[106.5,3846,-16.05805,-69.69669],[108.73,3838,-16.04494,-69.71248],[111.7,3834,-16.02734,-69.73336],[114.33,3835,-16.0119,-69.75196],[116.46,3834,-15.99943,-69.7671],[118.52,3829,-15.98728,-69.78167],[120.54,3832,-15.97377,-69.79384],[122.55,3827,-15.96506,-69.81004],[124.67,3827,-15.95389,-69.82611],[126.69,3824,-15.94406,-69.84057],[128.81,3832,-15.94151,-69.8602],[130.99,3824,-15.92928,-69.87481],[133.12,3854,-15.91263,-69.88333],[135.25,3848,-15.89533,-69.88718],[137.4,3824,-15.88605,-69.89883],[139.44,3827,-15.88229,-69.91621],[141.77,3825,-15.87059,-69.93306],[143.94,3834,-15.86306,-69.95152],[146.16,3824,-15.8533,-69.96863],[148.19,3824,-15.86233,-69.98353],[150.21,3825,-15.86182,-70.00079],[152.3,3832,-15.85252,-70.01666],[154.31,3833,-15.83788,-70.02483],[156.32,3940,-15.82479,-70.03308],[158.32,3981,-15.81517,-70.03654],[160.33,3919,-15.79821,-70.03552],[162.34,3887,-15.78143,-70.03214],[164.38,3833,-15.77236,-70.04561],[166.62,3821,-15.7533,-70.052],[168.99,3818,-15.73338,-70.05761],[171.06,3821,-15.71536,-70.06265],[173.2,3822,-15.69683,-70.06784],[175.29,3823,-15.67864,-70.07291],[177.37,3821,-15.67199,-70.06032],[179.52,3819,-15.66212,-70.04304],[181.53,3819,-15.65289,-70.02687],[183.73,3822,-15.63964,-70.01174],[185.75,3821,-15.62694,-69.99837],[187.99,3821,-15.61421,-69.98223],[189.99,3869,-15.60593,-69.97182],[192.55,3821,-15.58656,-69.96123],[194.56,3819,-15.569,-69.95686],[198.22,3820,-15.55373,-69.93175],[200.23,3819,-15.56009,-69.91425],[202.34,3819,-15.56732,-69.89602],[204.39,3819,-15.57888,-69.88117],[206.67,3817,-15.59096,-69.86411],[208.72,3820,-15.60283,-69.84969],[210.89,3833,-15.6179,-69.83716],[212.95,3835,-15.63553,-69.83236],[214.98,3865,-15.64916,-69.83715],[217.01,3827,-15.66198,-69.84897],[219.78,3827,-15.68351,-69.84253],[221.9,3826,-15.69473,-69.82733],[223.94,3830,-15.70828,-69.81471],[226.43,3827,-15.72136,-69.79612],[227.96,3873,-15.72281,-69.78385]]},"geometry":{"type":"LineString","coordinates":[[-69.08519,-16.16675],[-69.08532,-16.16813],[-69.08881,-16.1699],[-69.09395,-16.17691],[-69.09382,-16.18158],[-69.09543,-16.18515],[-69.08749,-16.18653],[-69.08961,-16.1896],[-69.09143,-16.19556],[-69.08109,-16.2084],[-69.08063,-16.21083],[-69.09017,-16.2185],[-69.09257,-16.22262],[-69.09552,-16.22476],[-69.0929,-16.23834],[-69.09896,-16.24833],[-69.10063,-16.24883],[-69.0936,-16.25463],[-69.09596,-16.27115],[-69.09357,-16.28385],[-69.09084,-16.29075],[-69.09702,-16.29333],[-69.09757,-16.29568],[-69.09975,-16.29779],[-69.09757,-16.29568],[-69.09702,-16.29333],[-69.09254,-16.29208],[-69.0906,-16.29046],[-69.09357,-16.28385],[-69.09531,-16.277],[-69.09493,-16.27425],[-69.10876,-16.25733],[-69.11025,-16.25104],[-69.17344,-16.26606],[-69.20699,-16.27155],[-69.22331,-16.28447],[-69.22826,-16.29119],[-69.23849,-16.29728],[-69.26003,-16.32089],[-69.2827,-16.28793],[-69.28351,-16.28267],[-69.28982,-16.27583],[-69.29067,-16.27067],[-69.29534,-16.26918],[-69.29627,-16.26085],[-69.29561,-16.25643],[-69.30111,-16.25529],[-69.30643,-16.25544],[-69.31397,-16.25878],[-69.34928,-16.25415],[-69.35676,-16.25194],[-69.36426,-16.24789],[-69.37161,-16.24223],[-69.40365,-16.20595],[-69.41649,-16.20649],[-69.417,-16.20564],[-69.41613,-16.2039],[-69.41768,-16.20164],[-69.419,-16.20138],[-69.42568,-16.20305],[-69.429,-16.2053],[-69.44463,-16.21107],[-69.44869,-16.21326],[-69.45013,-16.21509],[-69.4561,-16.21649],[-69.46145,-16.21502],[-69.4682,-16.21929],[-69.47376,-16.22069],[-69.49577,-16.21735],[-69.51158,-16.21079],[-69.51545,-16.2073],[-69.52869,-16.18946],[-69.53916,-16.16599],[-69.55047,-16.15692],[-69.57923,-16.13777],[-69.58007,-16.13239],[-69.5845,-16.12577],[-69.61446,-16.09928],[-69.62999,-16.0919],[-69.64112,-16.0913],[-69.64854,-16.08213],[-69.68893,-16.06444],[-69.79046,-15.97992],[-69.79494,-15.97249],[-69.80525,-15.96836],[-69.82673,-15.95346],[-69.83342,-15.94544],[-69.86433,-15.94094],[-69.86628,-15.94001],[-69.88155,-15.92066],[-69.88228,-15.91494],[-69.88929,-15.89841],[-69.88671,-15.89359],[-69.8934,-15.88403],[-69.89487,-15.88382],[-69.90059,-15.88647],[-69.90584,-15.88302],[-69.90968,-15.88389],[-69.92167,-15.88168],[-69.93458,-15.86915],[-69.94509,-15.86449],[-69.95258,-15.86263],[-69.96364,-15.85366],[-69.97473,-15.8539],[-69.98066,-15.8574],[-69.98463,-15.8631],[-69.99655,-15.86466],[-70.00021,-15.86273],[-70.00358,-15.85768],[-70.01208,-15.85541],[-70.01854,-15.85083],[-70.02228,-15.83878],[-70.02604,-15.83718],[-70.03013,-15.82606],[-70.03239,-15.82632],[-70.03357,-15.82546],[-70.02822,-15.82035],[-70.02981,-15.81649],[-70.03643,-15.81531],[-70.0363,-15.81327],[-70.03737,-15.8115],[-70.03711,-15.80134],[-70.03556,-15.79875],[-70.03623,-15.79591],[-70.0332,-15.79064],[-70.03374,-15.78876],[-70.03321,-15.78349],[-70.03173,-15.78071],[-70.03203,-15.77812],[-70.03361,-15.77693],[-70.0396,-15.77617],[-70.04476,-15.77303],[-70.04702,-15.77056],[-70.0526,-15.75118],[-70.05352,-15.74324],[-70.05635,-15.73802],[-70.07384,-15.67529],[-70.06762,-15.67422],[-70.06713,-15.67538],[-70.06577,-15.67547],[-70.02687,-15.65289],[-70.01448,-15.64245],[-70.00631,-15.63296],[-69.98223,-15.61421],[-69.97884,-15.61289],[-69.97264,-15.61314],[-69.97153,-15.61243],[-69.971,-15.60816],[-69.97205,-15.60605],[-69.97001,-15.60563],[-69.9625,-15.59273],[-69.95686,-15.569],[-69.95629,-15.56332],[-69.95065,-15.55661],[-69.93079,-15.55374],[-69.89602,-15.56732],[-69.87026,-15.58761],[-69.85988,-15.59349],[-69.85015,-15.60224],[-69.84491,-15.60994],[-69.83805,-15.61663],[-69.8348,-15.62132],[-69.8327,-15.63461],[-69.83127,-15.63823],[-69.8315,-15.64058],[-69.82934,-15.64242],[-69.83818,-15.6503],[-69.84503,-15.65348],[-69.85005,-15.66399],[-69.84879,-15.67021],[-69.84964,-15.67677],[-69.84002,-15.6863],[-69.83467,-15.68778],[-69.82962,-15.6919],[-69.82122,-15.70223],[-69.81414,-15.7088],[-69.80177,-15.71639],[-69.79483,-15.72296],[-69.79186,-15.72277],[-69.78761,-15.72424],[-69.78385,-15.72281]]}},{"type":"Feature","properties":{"jour":12,"km_calcule":266.7,"km_brochure":275,"km_piste_trace":0.0,"altitude_min_m":3818,"altitude_max_m":4854,"profil":[[0.0,3873,-15.72281,-69.78385],[2.05,3827,-15.71818,-69.79974],[4.12,3828,-15.7076,-69.8153],[6.2,3826,-15.69369,-69.82805],[9.14,3830,-15.67753,-69.84907],[11.25,3824,-15.65971,-69.84748],[13.29,3869,-15.64738,-69.835],[15.34,3828,-15.63262,-69.83275],[17.49,3822,-15.61525,-69.83988],[19.51,3819,-15.60138,-69.85164],[21.59,3818,-15.58965,-69.86657],[23.83,3820,-15.57738,-69.88304],[26.01,3818,-15.56596,-69.89943],[28.45,3820,-15.55774,-69.9205],[31.76,3821,-15.55653,-69.95042],[34.01,3819,-15.56831,-69.96202],[36.59,3821,-15.56338,-69.98562],[38.72,3820,-15.56174,-70.00524],[40.72,3824,-15.55584,-70.01971],[44.49,3823,-15.53746,-70.04889],[47.05,3827,-15.52677,-70.07009],[49.13,3828,-15.51831,-70.08735],[51.15,3830,-15.50985,-70.10402],[53.16,3831,-15.49969,-70.11862],[55.2,3831,-15.4825,-70.1253],[57.26,3835,-15.47429,-70.13701],[59.3,3833,-15.45621,-70.14008],[61.31,3831,-15.43845,-70.13968],[63.35,3832,-15.42109,-70.14588],[65.4,3834,-15.40372,-70.15216],[67.45,3838,-15.38667,-70.15943],[70.18,3839,-15.3648,-70.17082],[72.49,3839,-15.34623,-70.18049],[74.58,3841,-15.33007,-70.19031],[76.7,3838,-15.31531,-70.20281],[78.72,3844,-15.31384,-70.2214],[80.86,3841,-15.30239,-70.2307],[82.9,3842,-15.28716,-70.22456],[86.19,3844,-15.25753,-70.22342],[88.54,3852,-15.23645,-70.22261],[92.23,3911,-15.20333,-70.22078],[95.47,3919,-15.1742,-70.21893],[97.5,3921,-15.15602,-70.21774],[100.03,3925,-15.13333,-70.21626],[102.14,3935,-15.11435,-70.21498],[104.19,3944,-15.09848,-70.20761],[106.19,3865,-15.09908,-70.20026],[108.42,3846,-15.08389,-70.18718],[111.62,3846,-15.05604,-70.18102],[113.96,3844,-15.03519,-70.17761],[116.81,3846,-15.00982,-70.18104],[119.06,3848,-14.99005,-70.18528],[121.38,3848,-14.97009,-70.19087],[123.72,3851,-14.94917,-70.19339],[125.73,3856,-14.93157,-70.19728],[127.83,3859,-14.91737,-70.20553],[129.99,3864,-14.90035,-70.19926],[132.42,3856,-14.88916,-70.19676],[134.62,3864,-14.87527,-70.21104],[136.88,3865,-14.85779,-70.22156],[139.02,3868,-14.84214,-70.23321],[141.23,3881,-14.82451,-70.24268],[143.43,3883,-14.807,-70.25197],[147.32,3892,-14.78468,-70.27958],[149.58,3885,-14.77455,-70.29675],[151.63,3878,-14.76646,-70.30965],[153.95,3880,-14.76749,-70.3275],[156.04,3882,-14.76498,-70.34228],[158.64,3893,-14.74609,-70.35327],[160.7,3893,-14.73234,-70.36185],[163.08,3900,-14.71104,-70.36033],[165.09,3907,-14.69299,-70.35929],[167.29,3913,-14.67623,-70.36543],[169.45,3919,-14.65743,-70.36927],[171.8,3926,-14.63639,-70.36835],[173.85,3941,-14.62179,-70.35919],[175.93,3947,-14.61016,-70.34589],[177.94,3957,-14.5965,-70.33806],[179.96,3957,-14.58309,-70.32896],[181.99,3958,-14.58478,-70.31434],[184.24,3970,-14.57972,-70.2985],[186.6,3974,-14.55985,-70.29644],[188.82,3988,-14.54178,-70.29036],[190.86,4006,-14.52858,-70.27806],[192.98,4009,-14.51581,-70.26441],[194.99,4017,-14.49974,-70.25727],[197.01,4019,-14.48478,-70.25828],[199.07,4030,-14.47038,-70.2518],[201.14,4042,-14.45675,-70.26241],[203.51,4037,-14.43893,-70.25478],[205.59,4038,-14.42332,-70.26227],[207.67,4052,-14.40924,-70.27117],[209.78,4055,-14.39604,-70.27201],[212.19,4067,-14.37578,-70.27248],[214.21,4066,-14.35807,-70.2711],[216.21,4078,-14.34241,-70.26289],[218.24,4076,-14.33889,-70.24811],[220.31,4095,-14.32833,-70.23798],[222.6,4122,-14.3095,-70.23229],[225.77,4154,-14.28285,-70.23931],[227.78,4186,-14.26643,-70.24536],[229.93,4215,-14.24729,-70.24561],[231.94,4253,-14.22956,-70.24539],[233.96,4320,-14.21579,-70.2568],[235.97,4406,-14.20468,-70.27079],[238.05,4523,-14.19341,-70.28574],[240.12,4607,-14.18084,-70.29887],[242.12,4723,-14.17706,-70.31666],[244.15,4854,-14.17744,-70.32782],[246.18,4790,-14.1692,-70.33591],[248.2,4677,-14.15496,-70.34014],[250.46,4602,-14.13642,-70.3469],[252.71,4576,-14.11795,-70.35462],[254.75,4471,-14.107,-70.36413],[257.16,4402,-14.09548,-70.38292],[259.25,4377,-14.08477,-70.39807],[261.51,4345,-14.07363,-70.41468],[263.53,4319,-14.06786,-70.43169],[265.55,4366,-14.06075,-70.44295],[267.36,4334,-14.0553,-70.45635]]},"geometry":{"type":"LineString","coordinates":[[-69.78385,-15.72281],[-69.78761,-15.72424],[-69.79186,-15.72277],[-69.79483,-15.72296],[-69.80177,-15.71639],[-69.81414,-15.7088],[-69.82122,-15.70223],[-69.82962,-15.6919],[-69.83467,-15.68778],[-69.84002,-15.6863],[-69.84964,-15.67677],[-69.84879,-15.67021],[-69.85005,-15.66399],[-69.84503,-15.65348],[-69.83818,-15.6503],[-69.82934,-15.64242],[-69.8315,-15.64058],[-69.83127,-15.63823],[-69.8327,-15.63461],[-69.83466,-15.62164],[-69.83805,-15.61663],[-69.84491,-15.60994],[-69.85015,-15.60224],[-69.8565,-15.59639],[-69.86075,-15.5929],[-69.87026,-15.58761],[-69.89439,-15.56822],[-69.93079,-15.55374],[-69.95065,-15.55661],[-69.95629,-15.56332],[-69.95698,-15.56942],[-69.99193,-15.5618],[-70.00754,-15.5618],[-70.01207,-15.5638],[-70.02042,-15.55442],[-70.05195,-15.53561],[-70.11733,-15.503],[-70.12605,-15.48107],[-70.128,-15.4801],[-70.13584,-15.48129],[-70.14155,-15.4469],[-70.13983,-15.43774],[-70.15586,-15.39357],[-70.18647,-15.33469],[-70.20324,-15.31495],[-70.22797,-15.31287],[-70.22976,-15.31171],[-70.23276,-15.30696],[-70.23285,-15.30562],[-70.2307,-15.30239],[-70.22317,-15.29457],[-70.22456,-15.28716],[-70.22261,-15.23645],[-70.21476,-15.11224],[-70.21095,-15.10447],[-70.20861,-15.10318],[-70.2075,-15.09751],[-70.20509,-15.09892],[-70.20239,-15.09408],[-70.20187,-15.10009],[-70.19763,-15.09767],[-70.18528,-15.0812],[-70.1774,-15.03385],[-70.18267,-14.99883],[-70.19027,-14.97515],[-70.19339,-14.94917],[-70.19665,-14.93769],[-70.19725,-14.93173],[-70.19968,-14.93138],[-70.20182,-14.92982],[-70.2024,-14.92256],[-70.2049,-14.92036],[-70.2064,-14.91381],[-70.20564,-14.90809],[-70.19841,-14.89952],[-70.19659,-14.89898],[-70.19189,-14.9011],[-70.19126,-14.90066],[-70.19676,-14.88916],[-70.20616,-14.88169],[-70.21339,-14.87218],[-70.22156,-14.85779],[-70.23321,-14.84214],[-70.25029,-14.80893],[-70.25577,-14.80225],[-70.27958,-14.78468],[-70.29314,-14.77972],[-70.29882,-14.77265],[-70.29948,-14.77038],[-70.30623,-14.76438],[-70.30817,-14.76605],[-70.31033,-14.76646],[-70.31246,-14.76586],[-70.31503,-14.76314],[-70.31804,-14.76586],[-70.3221,-14.76494],[-70.337,-14.77174],[-70.34228,-14.76498],[-70.34521,-14.76289],[-70.34687,-14.75178],[-70.34801,-14.74985],[-70.361,-14.7414],[-70.3628,-14.73893],[-70.359,-14.68537],[-70.36121,-14.68213],[-70.36125,-14.67986],[-70.36438,-14.67837],[-70.36543,-14.67623],[-70.36893,-14.66707],[-70.36943,-14.66084],[-70.3683,-14.63529],[-70.36693,-14.62801],[-70.35919,-14.62179],[-70.35528,-14.62057],[-70.35052,-14.61235],[-70.34653,-14.61096],[-70.34464,-14.60727],[-70.34578,-14.60272],[-70.34359,-14.59929],[-70.33216,-14.5933],[-70.33207,-14.59014],[-70.32898,-14.58665],[-70.32932,-14.58063],[-70.32637,-14.57981],[-70.31274,-14.58544],[-70.30761,-14.58534],[-70.30608,-14.5868],[-70.30227,-14.58504],[-70.30128,-14.58137],[-70.29753,-14.57917],[-70.29617,-14.57639],[-70.2972,-14.57339],[-70.296,-14.56573],[-70.29718,-14.55575],[-70.29486,-14.54778],[-70.28609,-14.5342],[-70.27892,-14.52953],[-70.2775,-14.52637],[-70.26441,-14.51581],[-70.26413,-14.51195],[-70.26051,-14.5071],[-70.25596,-14.49768],[-70.26124,-14.48844],[-70.25828,-14.48478],[-70.25793,-14.4807],[-70.25396,-14.47977],[-70.25137,-14.47642],[-70.25165,-14.47095],[-70.25441,-14.46759],[-70.25911,-14.46539],[-70.26195,-14.46194],[-70.26262,-14.45235],[-70.2595,-14.44918],[-70.25996,-14.44455],[-70.25465,-14.4388],[-70.25463,-14.43481],[-70.26184,-14.42786],[-70.26368,-14.41684],[-70.26797,-14.41551],[-70.268,-14.41329],[-70.27117,-14.40924],[-70.27166,-14.40616],[-70.27735,-14.40291],[-70.27517,-14.39907],[-70.27276,-14.39792],[-70.27165,-14.38917],[-70.26976,-14.38752],[-70.27042,-14.38048],[-70.27291,-14.37432],[-70.27332,-14.36804],[-70.27201,-14.35995],[-70.26856,-14.35366],[-70.26727,-14.3487],[-70.26261,-14.34186],[-70.25565,-14.3354],[-70.24898,-14.33813],[-70.2461,-14.34061],[-70.24418,-14.3402],[-70.24302,-14.33765],[-70.23814,-14.33225],[-70.23873,-14.3204],[-70.23185,-14.30868],[-70.23609,-14.30268],[-70.24126,-14.2745],[-70.24317,-14.27246],[-70.24386,-14.26834],[-70.24598,-14.2639],[-70.24643,-14.25167],[-70.24461,-14.23045],[-70.25032,-14.22612],[-70.2568,-14.21579],[-70.26083,-14.21131],[-70.26832,-14.20489],[-70.27345,-14.20369],[-70.27564,-14.20099],[-70.28654,-14.19294],[-70.29207,-14.18425],[-70.29495,-14.18241],[-70.30417,-14.17972],[-70.31417,-14.17848],[-70.31666,-14.17706],[-70.32206,-14.17715],[-70.32467,-14.17472],[-70.32407,-14.17696],[-70.32617,-14.17491],[-70.32645,-14.17666],[-70.32803,-14.17742],[-70.3279,-14.17637],[-70.32956,-14.17826],[-70.33228,-14.17427],[-70.3315,-14.17135],[-70.33431,-14.17147],[-70.33627,-14.16883],[-70.33798,-14.16812],[-70.33668,-14.16751],[-70.33949,-14.16528],[-70.34014,-14.15496],[-70.34295,-14.14992],[-70.34376,-14.14129],[-70.3472,-14.1358],[-70.34973,-14.12859],[-70.35316,-14.12353],[-70.35462,-14.11795],[-70.35881,-14.11636],[-70.36101,-14.11731],[-70.36097,-14.11238],[-70.36479,-14.10642],[-70.37831,-14.09928],[-70.38674,-14.09295],[-70.38833,-14.09039],[-70.39355,-14.08861],[-70.40187,-14.08012],[-70.40584,-14.07827],[-70.40833,-14.07584],[-70.43138,-14.06817],[-70.43501,-14.06444],[-70.43673,-14.06616],[-70.43907,-14.06404],[-70.44095,-14.06],[-70.44265,-14.06084],[-70.44698,-14.06],[-70.44751,-14.06114],[-70.44882,-14.06111],[-70.45036,-14.05868],[-70.45635,-14.0553]]}},{"type":"Feature","properties":{"jour":13,"km_calcule":226.1,"km_brochure":225,"km_piste_trace":0.0,"altitude_min_m":373,"altitude_max_m":4355,"profil":[[0.0,4334,-14.0553,-70.45635],[2.03,4355,-14.06,-70.44118],[4.14,4296,-14.0579,-70.43887],[6.31,4270,-14.0392,-70.44301],[8.37,4267,-14.02773,-70.45136],[10.58,4240,-14.01456,-70.46352],[12.63,4189,-14.00207,-70.47399],[14.81,4180,-13.99053,-70.48165],[17.04,4146,-13.97354,-70.48425],[19.05,4149,-13.95699,-70.48841],[21.14,4119,-13.94339,-70.48661],[23.33,4173,-13.93179,-70.49397],[25.37,4084,-13.91996,-70.50294],[27.39,3988,-13.90356,-70.50746],[29.4,3896,-13.8914,-70.51033],[31.45,3789,-13.88,-70.51326],[33.46,3677,-13.86687,-70.50686],[35.47,3589,-13.87224,-70.51423],[37.49,3500,-13.86996,-70.51336],[39.49,3381,-13.8589,-70.51032],[41.54,3331,-13.84982,-70.5037],[43.54,3172,-13.83974,-70.49429],[45.58,3046,-13.83554,-70.48968],[47.6,2945,-13.82394,-70.48762],[49.6,2834,-13.81367,-70.48212],[51.61,2848,-13.80266,-70.4774],[53.68,2675,-13.78883,-70.47217],[55.77,2579,-13.78103,-70.47625],[57.8,2501,-13.76655,-70.47452],[59.83,2412,-13.76192,-70.46519],[62.17,2284,-13.74339,-70.45784],[64.18,2221,-13.72935,-70.46242],[66.26,2108,-13.71997,-70.45516],[68.3,2025,-13.70602,-70.45553],[70.31,1922,-13.69197,-70.46369],[72.32,1823,-13.67707,-70.47255],[74.33,1712,-13.66574,-70.47804],[76.34,1596,-13.65241,-70.47749],[78.36,1491,-13.64684,-70.46627],[80.38,1406,-13.63514,-70.4586],[82.4,1304,-13.62347,-70.45118],[84.44,1208,-13.6106,-70.44687],[86.45,1130,-13.5944,-70.45298],[88.47,1008,-13.58219,-70.4459],[90.48,957,-13.56644,-70.44603],[92.58,911,-13.55146,-70.44086],[94.65,855,-13.53554,-70.43753],[96.66,833,-13.52675,-70.42403],[98.68,782,-13.51027,-70.42185],[100.69,741,-13.49349,-70.42202],[102.73,683,-13.47722,-70.41751],[104.75,670,-13.46177,-70.40992],[106.78,638,-13.44411,-70.40603],[109.87,599,-13.43143,-70.38357],[111.91,562,-13.42763,-70.36835],[113.95,599,-13.43455,-70.35501],[115.99,551,-13.43961,-70.34248],[118.02,566,-13.43788,-70.32964],[120.21,513,-13.42095,-70.32911],[122.31,523,-13.41115,-70.31833],[124.31,564,-13.40283,-70.30573],[126.32,510,-13.40048,-70.31426],[128.33,477,-13.39343,-70.32444],[130.34,447,-13.38588,-70.33561],[132.36,482,-13.37601,-70.34888],[134.4,483,-13.36317,-70.34325],[136.44,488,-13.35829,-70.34194],[138.46,484,-13.34733,-70.33746],[140.48,475,-13.33574,-70.33042],[142.51,435,-13.32991,-70.32283],[144.52,471,-13.32315,-70.30926],[146.59,446,-13.31639,-70.3087],[148.62,451,-13.30836,-70.30297],[150.65,420,-13.29598,-70.30216],[152.72,419,-13.28224,-70.3143],[154.76,427,-13.27226,-70.3199],[156.77,386,-13.25849,-70.32803],[158.83,404,-13.2475,-70.3422],[160.87,442,-13.23687,-70.35009],[162.91,424,-13.22836,-70.35462],[164.97,473,-13.21788,-70.36387],[166.98,515,-13.20872,-70.36432],[169.0,394,-13.20385,-70.37089],[171.05,429,-13.19704,-70.38355],[173.1,373,-13.18637,-70.38572],[175.1,427,-13.19047,-70.39805],[177.12,397,-13.19153,-70.41093],[179.25,411,-13.18378,-70.42758],[181.26,405,-13.1843,-70.44038],[183.27,399,-13.18151,-70.45701],[185.32,401,-13.18145,-70.47268],[187.47,405,-13.1773,-70.49129],[189.49,404,-13.18562,-70.50006],[191.55,417,-13.18711,-70.5161],[193.57,511,-13.19425,-70.52592],[195.76,443,-13.20454,-70.53512],[197.94,452,-13.20031,-70.55197],[199.95,446,-13.18928,-70.56053],[202.1,508,-13.18702,-70.5769],[204.1,475,-13.18295,-70.59467],[206.14,502,-13.18585,-70.61021],[208.18,475,-13.19547,-70.61732],[210.23,488,-13.18496,-70.62776],[212.36,506,-13.19073,-70.64152],[214.4,542,-13.19576,-70.65866],[216.43,572,-13.20161,-70.67527],[218.48,617,-13.20274,-70.69255],[220.52,714,-13.21037,-70.70873],[222.56,637,-13.21648,-70.72308],[224.64,629,-13.22086,-70.74048],[226.56,642,-13.23102,-70.75417]]},"geometry":{"type":"LineString","coordinates":[[-70.45635,-14.0553],[-70.45036,-14.05868],[-70.44882,-14.06111],[-70.44751,-14.06114],[-70.44698,-14.06],[-70.44265,-14.06084],[-70.44095,-14.06],[-70.43907,-14.06404],[-70.43662,-14.06613],[-70.43501,-14.06444],[-70.43911,-14.05718],[-70.44075,-14.04347],[-70.44331,-14.03868],[-70.44809,-14.03323],[-70.4506,-14.02551],[-70.45164,-14.02793],[-70.45157,-14.02529],[-70.45528,-14.02381],[-70.45929,-14.01677],[-70.46352,-14.01456],[-70.46509,-14.01255],[-70.46755,-14.01283],[-70.47281,-14.00821],[-70.47487,-14.00006],[-70.47732,-14.00153],[-70.47974,-13.99956],[-70.47828,-13.99442],[-70.48109,-13.993],[-70.48165,-13.99053],[-70.47811,-13.98178],[-70.48043,-13.97755],[-70.48425,-13.97354],[-70.4882,-13.9634],[-70.48691,-13.95983],[-70.48845,-13.95607],[-70.48444,-13.95133],[-70.48242,-13.9506],[-70.48195,-13.9482],[-70.48925,-13.93991],[-70.49086,-13.93938],[-70.49167,-13.93665],[-70.49425,-13.93603],[-70.49352,-13.93395],[-70.49161,-13.93335],[-70.49141,-13.93219],[-70.49899,-13.93033],[-70.4981,-13.92915],[-70.5,-13.92718],[-70.49944,-13.92525],[-70.50254,-13.9215],[-70.50426,-13.91239],[-70.50701,-13.90818],[-70.50746,-13.90356],[-70.51023,-13.90031],[-70.51006,-13.89872],[-70.51443,-13.89683],[-70.51186,-13.89504],[-70.50962,-13.89091],[-70.51018,-13.88964],[-70.5101,-13.89058],[-70.51156,-13.89114],[-70.50999,-13.8881],[-70.51376,-13.88089],[-70.51168,-13.87764],[-70.5123,-13.87306],[-70.51031,-13.87073],[-70.5069,-13.8698],[-70.50735,-13.86804],[-70.50601,-13.86342],[-70.50816,-13.86758],[-70.50782,-13.8691],[-70.5152,-13.87253],[-70.5138,-13.87408],[-70.51402,-13.87636],[-70.51425,-13.87393],[-70.51615,-13.87237],[-70.51548,-13.87058],[-70.51201,-13.86975],[-70.51409,-13.86957],[-70.51086,-13.86904],[-70.50999,-13.86797],[-70.511,-13.8685],[-70.5092,-13.86389],[-70.51008,-13.85897],[-70.51072,-13.86093],[-70.51088,-13.85893],[-70.5094,-13.85587],[-70.50799,-13.85519],[-70.50891,-13.85502],[-70.5049,-13.85245],[-70.50306,-13.84816],[-70.50131,-13.84672],[-70.50247,-13.84344],[-70.49625,-13.84124],[-70.49571,-13.84173],[-70.49374,-13.83906],[-70.4873,-13.83593],[-70.49212,-13.83731],[-70.48884,-13.83551],[-70.49043,-13.83553],[-70.4883,-13.83385],[-70.48716,-13.83054],[-70.48827,-13.83112],[-70.48669,-13.82908],[-70.48635,-13.82625],[-70.48788,-13.82528],[-70.48716,-13.82302],[-70.48847,-13.82494],[-70.48707,-13.8194],[-70.48195,-13.81453],[-70.48196,-13.81359],[-70.48404,-13.81487],[-70.47931,-13.80699],[-70.47727,-13.80587],[-70.4778,-13.80303],[-70.47049,-13.79764],[-70.46949,-13.79244],[-70.47235,-13.78784],[-70.47369,-13.78775],[-70.47635,-13.78452],[-70.47266,-13.78667],[-70.4761,-13.7821],[-70.47604,-13.78026],[-70.47435,-13.77784],[-70.47523,-13.77555],[-70.47781,-13.77363],[-70.47763,-13.76929],[-70.47412,-13.76636],[-70.47256,-13.76335],[-70.47312,-13.76662],[-70.47181,-13.76386],[-70.46674,-13.76313],[-70.46357,-13.76006],[-70.46342,-13.75466],[-70.45903,-13.74793],[-70.45695,-13.74012],[-70.4575,-13.73234],[-70.45893,-13.73039],[-70.46196,-13.73048],[-70.46242,-13.72704],[-70.46167,-13.7255],[-70.46164,-13.72673],[-70.45445,-13.7241],[-70.45361,-13.72222],[-70.45541,-13.71924],[-70.45365,-13.71582],[-70.45528,-13.71254],[-70.45417,-13.71226],[-70.45695,-13.70879],[-70.45533,-13.70574],[-70.45513,-13.70297],[-70.45666,-13.70008],[-70.4596,-13.6992],[-70.46113,-13.69543],[-70.46775,-13.68745],[-70.4719,-13.68015],[-70.47255,-13.67338],[-70.47705,-13.66959],[-70.47926,-13.65757],[-70.48134,-13.65385],[-70.48044,-13.65189],[-70.47749,-13.65241],[-70.47413,-13.65043],[-70.47058,-13.6444],[-70.46627,-13.64684],[-70.46178,-13.64654],[-70.46049,-13.64294],[-70.46032,-13.63799],[-70.45935,-13.63537],[-70.45838,-13.63543],[-70.45922,-13.63457],[-70.45591,-13.63432],[-70.45069,-13.63046],[-70.45184,-13.62258],[-70.44918,-13.61601],[-70.44625,-13.61189],[-70.44998,-13.6059],[-70.45107,-13.59858],[-70.45517,-13.58833],[-70.44893,-13.5862],[-70.4459,-13.58219],[-70.44571,-13.57938],[-70.44745,-13.5776],[-70.44775,-13.57578],[-70.44419,-13.57082],[-70.44603,-13.56629],[-70.44401,-13.56088],[-70.44625,-13.55863],[-70.44614,-13.55749],[-70.44532,-13.5546],[-70.44343,-13.55243],[-70.44002,-13.55061],[-70.44217,-13.54009],[-70.43738,-13.53537],[-70.43543,-13.53125],[-70.42979,-13.52947],[-70.42579,-13.52946],[-70.42402,-13.5279],[-70.42447,-13.5249],[-70.42337,-13.52061],[-70.4249,-13.5178],[-70.425,-13.51544],[-70.42196,-13.51063],[-70.42251,-13.50696],[-70.42007,-13.50121],[-70.42189,-13.49548],[-70.42168,-13.48574],[-70.42022,-13.48113],[-70.41824,-13.48005],[-70.41616,-13.47226],[-70.41482,-13.47039],[-70.41548,-13.46943],[-70.41005,-13.46214],[-70.4085,-13.44952],[-70.40463,-13.44117],[-70.39906,-13.43362],[-70.38301,-13.4313],[-70.37612,-13.42855],[-70.37587,-13.42722],[-70.37234,-13.42965],[-70.36772,-13.42747],[-70.36104,-13.43023],[-70.35869,-13.43253],[-70.3575,-13.43566],[-70.35644,-13.43424],[-70.35311,-13.43437],[-70.35293,-13.43202],[-70.3502,-13.43279],[-70.34489,-13.43901],[-70.33906,-13.43946],[-70.33596,-13.443],[-70.33225,-13.4422],[-70.32932,-13.44037],[-70.33061,-13.43642],[-70.32839,-13.43142],[-70.32879,-13.43051],[-70.32743,-13.42964],[-70.32827,-13.42745],[-70.32762,-13.42495],[-70.32943,-13.4196],[-70.32897,-13.41811],[-70.32594,-13.41636],[-70.3258,-13.41524],[-70.32411,-13.41577],[-70.32313,-13.41439],[-70.31834,-13.41336],[-70.31881,-13.40993],[-70.31575,-13.40724],[-70.31208,-13.40533],[-70.31091,-13.40564],[-70.30891,-13.40342],[-70.30426,-13.40281],[-70.30433,-13.40162],[-70.30674,-13.39931],[-70.30806,-13.40035],[-70.30837,-13.39931],[-70.31012,-13.39984],[-70.31023,-13.39852],[-70.31328,-13.39897],[-70.31449,-13.40126],[-70.31553,-13.40019],[-70.31803,-13.40163],[-70.32058,-13.39969],[-70.3216,-13.40021],[-70.32414,-13.39676],[-70.32451,-13.39331],[-70.3268,-13.39217],[-70.32978,-13.39394],[-70.33029,-13.3919],[-70.3329,-13.39101],[-70.3345,-13.38929],[-70.33561,-13.38588],[-70.34235,-13.37884],[-70.34749,-13.37608],[-70.34898,-13.37648],[-70.34996,-13.37128],[-70.35076,-13.37086],[-70.34886,-13.36844],[-70.34901,-13.36695],[-70.34439,-13.36515],[-70.34306,-13.36252],[-70.34592,-13.35968],[-70.34981,-13.35825],[-70.34955,-13.35743],[-70.34661,-13.35697],[-70.34014,-13.35895],[-70.34029,-13.3575],[-70.3371,-13.35517],[-70.33783,-13.35273],[-70.33703,-13.35135],[-70.33857,-13.34851],[-70.33752,-13.3479],[-70.33605,-13.34219],[-70.33159,-13.33934],[-70.32899,-13.33963],[-70.33064,-13.33513],[-70.33315,-13.3362],[-70.33386,-13.33515],[-70.33051,-13.33362],[-70.32792,-13.32986],[-70.32197,-13.33024],[-70.32122,-13.32941],[-70.31812,-13.32921],[-70.31528,-13.32448],[-70.31431,-13.32515],[-70.31171,-13.32383],[-70.30965,-13.32403],[-70.30918,-13.32314],[-70.30467,-13.32479],[-70.3017,-13.32349],[-70.30172,-13.32249],[-70.30782,-13.31762],[-70.3093,-13.31337],[-70.31084,-13.31173],[-70.30762,-13.31004],[-70.30862,-13.3075],[-70.30297,-13.30836],[-70.30261,-13.30669],[-70.29967,-13.30676],[-70.29797,-13.30527],[-70.29993,-13.30326],[-70.30042,-13.29914],[-70.30289,-13.294],[-70.3143,-13.28224],[-70.31606,-13.27831],[-70.31784,-13.27945],[-70.31774,-13.27507],[-70.32087,-13.27483],[-70.31971,-13.27335],[-70.32012,-13.27086],[-70.32516,-13.26736],[-70.32625,-13.26464],[-70.32522,-13.2632],[-70.32613,-13.26054],[-70.32862,-13.2579],[-70.33335,-13.25709],[-70.34188,-13.24868],[-70.34398,-13.2443],[-70.34184,-13.24282],[-70.342,-13.24091],[-70.35162,-13.23657],[-70.35445,-13.23438],[-70.35574,-13.23574],[-70.35657,-13.23544],[-70.35563,-13.23366],[-70.35567,-13.22968],[-70.35681,-13.22808],[-70.35426,-13.22831],[-70.35323,-13.22717],[-70.35715,-13.22518],[-70.3599,-13.22087],[-70.36213,-13.22072],[-70.36153,-13.21923],[-70.36327,-13.21848],[-70.36426,-13.21664],[-70.36773,-13.21621],[-70.36741,-13.21501],[-70.36917,-13.21314],[-70.36464,-13.21218],[-70.36518,-13.20999],[-70.36417,-13.20891],[-70.36647,-13.20926],[-70.36606,-13.2061],[-70.36777,-13.20576],[-70.36936,-13.20679],[-70.36936,-13.20458],[-70.37288,-13.20456],[-70.3699,-13.20248],[-70.37016,-13.20016],[-70.37549,-13.19973],[-70.38266,-13.19631],[-70.38371,-13.19713],[-70.38631,-13.1949],[-70.38564,-13.19356],[-70.38728,-13.19177],[-70.38381,-13.18836],[-70.38343,-13.18549],[-70.38709,-13.18639],[-70.38787,-13.18924],[-70.39001,-13.1898],[-70.39077,-13.1913],[-70.39266,-13.19164],[-70.39676,-13.18958],[-70.39857,-13.19164],[-70.39992,-13.19156],[-70.39882,-13.19402],[-70.40041,-13.19432],[-70.4044,-13.19262],[-70.41366,-13.19075],[-70.41694,-13.18717],[-70.42446,-13.18542],[-70.42843,-13.18352],[-70.42984,-13.18338],[-70.43421,-13.18837],[-70.43712,-13.18848],[-70.43818,-13.18587],[-70.44163,-13.18368],[-70.44864,-13.1836],[-70.44935,-13.18277],[-70.45292,-13.18385],[-70.45701,-13.18151],[-70.45889,-13.17906],[-70.46277,-13.17782],[-70.46549,-13.17927],[-70.46661,-13.18104],[-70.47293,-13.18157],[-70.47805,-13.17885],[-70.48513,-13.17857],[-70.49129,-13.1773],[-70.4952,-13.17536],[-70.49723,-13.17585],[-70.49881,-13.17841],[-70.49879,-13.18362],[-70.50036,-13.18428],[-70.5006,-13.18733],[-70.50225,-13.18859],[-70.50548,-13.18953],[-70.50938,-13.18678],[-70.51814,-13.18747],[-70.52203,-13.19013],[-70.52452,-13.1888],[-70.52406,-13.18998],[-70.52576,-13.1906],[-70.52476,-13.19218],[-70.52572,-13.19289],[-70.52524,-13.19355],[-70.52986,-13.19804],[-70.52942,-13.2012],[-70.53103,-13.19994],[-70.53112,-13.20119],[-70.5323,-13.2012],[-70.53171,-13.20211],[-70.53559,-13.20487],[-70.53849,-13.20344],[-70.54452,-13.20514],[-70.54925,-13.20436],[-70.55213,-13.19973],[-70.55551,-13.19696],[-70.55402,-13.19416],[-70.55453,-13.19167],[-70.55695,-13.18974],[-70.56168,-13.18903],[-70.56402,-13.18701],[-70.56654,-13.18914],[-70.56837,-13.18722],[-70.57855,-13.18682],[-70.59255,-13.18308],[-70.60041,-13.18334],[-70.60326,-13.18081],[-70.60772,-13.18509],[-70.6105,-13.18611],[-70.6082,-13.18836],[-70.60818,-13.18967],[-70.61024,-13.19451],[-70.61486,-13.19649],[-70.61794,-13.19491],[-70.6207,-13.18546],[-70.62264,-13.18558],[-70.6249,-13.18406],[-70.62844,-13.18494],[-70.63154,-13.18328],[-70.6329,-13.18401],[-70.63294,-13.18647],[-70.63487,-13.18854],[-70.63902,-13.18781],[-70.64253,-13.1917],[-70.65323,-13.19228],[-70.65763,-13.19562],[-70.6612,-13.19544],[-70.66322,-13.1974],[-70.67356,-13.20039],[-70.67737,-13.20258],[-70.69029,-13.20052],[-70.6931,-13.20349],[-70.69693,-13.2056],[-70.70407,-13.2075],[-70.70892,-13.21046],[-70.71018,-13.2099],[-70.71094,-13.21111],[-70.71234,-13.21077],[-70.71767,-13.21308],[-70.71932,-13.2129],[-70.72053,-13.21553],[-70.72165,-13.21536],[-70.72633,-13.2189],[-70.72827,-13.21818],[-70.73604,-13.21841],[-70.74088,-13.22118],[-70.74272,-13.22479],[-70.75417,-13.23102]]}},{"type":"Feature","properties":{"jour":14,"km_calcule":282.2,"km_brochure":300,"km_piste_trace":0.0,"altitude_min_m":642,"altitude_max_m":4715,"profil":[[0.0,642,-13.23102,-70.75417],[2.01,696,-13.23988,-70.77038],[4.03,724,-13.25294,-70.77801],[6.05,729,-13.27018,-70.78035],[8.22,732,-13.28738,-70.7889],[10.93,804,-13.30555,-70.8037],[13.02,828,-13.31272,-70.81987],[15.05,858,-13.31816,-70.83494],[17.27,863,-13.33263,-70.84658],[19.31,901,-13.34267,-70.85903],[21.32,965,-13.34986,-70.8753],[23.33,1006,-13.357,-70.89156],[25.34,1030,-13.37247,-70.89976],[27.35,1100,-13.38975,-70.90292],[29.36,1154,-13.40597,-70.90075],[31.37,1255,-13.42271,-70.90309],[33.37,1331,-13.43891,-70.90383],[35.37,1475,-13.45507,-70.90087],[37.5,1511,-13.47125,-70.89798],[39.61,1591,-13.48408,-70.89333],[41.62,1691,-13.49901,-70.90044],[43.66,1835,-13.50874,-70.89929],[45.66,1916,-13.52405,-70.89612],[47.67,2055,-13.53769,-70.88988],[49.68,2136,-13.5511,-70.89126],[51.71,2225,-13.55551,-70.90462],[53.86,2295,-13.56719,-70.91616],[55.91,2421,-13.57876,-70.92861],[58.04,2529,-13.59086,-70.9415],[60.07,2640,-13.58993,-70.95574],[62.12,2837,-13.58336,-70.96762],[64.12,3099,-13.59109,-70.97556],[66.13,3088,-13.58353,-70.99059],[68.13,3203,-13.58405,-70.99716],[70.13,3324,-13.57894,-71.01033],[72.14,3459,-13.57527,-71.02043],[74.17,3518,-13.57308,-71.0343],[76.17,3593,-13.57395,-71.04063],[78.24,3690,-13.57142,-71.05644],[80.26,3792,-13.56713,-71.06936],[82.3,3882,-13.56708,-71.07836],[84.31,3963,-13.56733,-71.08198],[86.32,4027,-13.57268,-71.09464],[88.33,4084,-13.56873,-71.1116],[90.35,4165,-13.56866,-71.11671],[92.39,4229,-13.55386,-71.1266],[94.4,4292,-13.56635,-71.1199],[96.42,4370,-13.57446,-71.12276],[98.44,4449,-13.57645,-71.12236],[100.45,4512,-13.57864,-71.12764],[102.46,4580,-13.58072,-71.11926],[104.47,4650,-13.58835,-71.12715],[106.49,4715,-13.58003,-71.13881],[108.5,4702,-13.5803,-71.14991],[110.51,4633,-13.57826,-71.15576],[112.54,4585,-13.58762,-71.16835],[114.57,4515,-13.58476,-71.1669],[116.59,4458,-13.57427,-71.15761],[118.62,4402,-13.57425,-71.15916],[120.68,4328,-13.58677,-71.17235],[122.71,4266,-13.59918,-71.18574],[124.72,4208,-13.60612,-71.1992],[126.74,4153,-13.60613,-71.20262],[128.83,4087,-13.60431,-71.22075],[131.01,4067,-13.60913,-71.23966],[133.19,4002,-13.61917,-71.25638],[135.24,3958,-13.62897,-71.26987],[137.25,3919,-13.6388,-71.28463],[139.44,3849,-13.64966,-71.29938],[141.44,3806,-13.65951,-71.31394],[143.49,3748,-13.66545,-71.32882],[145.6,3697,-13.6633,-71.34741],[147.67,3645,-13.6593,-71.36576],[149.72,3593,-13.64427,-71.37639],[151.73,3542,-13.62886,-71.38592],[153.73,3504,-13.6187,-71.40048],[155.81,3479,-13.60146,-71.40453],[157.84,3586,-13.59315,-71.40455],[159.86,3616,-13.58234,-71.41528],[161.88,3600,-13.57305,-71.4296],[163.88,3528,-13.58107,-71.43472],[165.88,3495,-13.59201,-71.43842],[167.89,3573,-13.59792,-71.44701],[169.9,3564,-13.60012,-71.45666],[171.93,3515,-13.59446,-71.46866],[173.96,3511,-13.59845,-71.4809],[176.02,3533,-13.61298,-71.48633],[178.05,3557,-13.61705,-71.4907],[180.13,3602,-13.62164,-71.50677],[182.16,3761,-13.62796,-71.51296],[184.19,3738,-13.63177,-71.51601],[186.19,3639,-13.62746,-71.533],[188.21,3651,-13.61977,-71.54624],[190.24,3687,-13.60767,-71.55959],[192.24,3743,-13.60486,-71.57376],[194.25,3818,-13.59652,-71.58237],[196.28,3920,-13.58889,-71.59164],[198.3,4022,-13.57743,-71.59805],[200.38,4116,-13.57542,-71.61],[202.4,4236,-13.5742,-71.62097],[204.41,4205,-13.57637,-71.63227],[206.44,4065,-13.58091,-71.63952],[208.45,4017,-13.58249,-71.64743],[210.46,3932,-13.59022,-71.65459],[212.47,3827,-13.60415,-71.66076],[214.48,3725,-13.61555,-71.66822],[216.48,3580,-13.61629,-71.67206],[218.49,3310,-13.61111,-71.6818],[220.49,3123,-13.60005,-71.69483],[222.5,3090,-13.58557,-71.70501],[224.55,3060,-13.57681,-71.71788],[226.57,3077,-13.56335,-71.72533],[228.58,3047,-13.55172,-71.7215],[230.61,3035,-13.54507,-71.7371],[232.69,3062,-13.52859,-71.74014],[234.71,3023,-13.51925,-71.74971],[236.71,3018,-13.50926,-71.7638],[238.75,3011,-13.49737,-71.77731],[240.79,3002,-13.48652,-71.79106],[242.83,2997,-13.47736,-71.80665],[244.84,2982,-13.46477,-71.81835],[246.85,2984,-13.45024,-71.82877],[248.89,2987,-13.4361,-71.83957],[250.91,2969,-13.42334,-71.85117],[252.95,3025,-13.42488,-71.85458],[254.98,3109,-13.42732,-71.85084],[257.03,3213,-13.43203,-71.86395],[259.06,3321,-13.44721,-71.87175],[261.08,3454,-13.45929,-71.88279],[263.21,3546,-13.46719,-71.89799],[265.22,3577,-13.47112,-71.91554],[267.28,3614,-13.48259,-71.92196],[269.29,3704,-13.48692,-71.92355],[271.31,3779,-13.48707,-71.93981],[273.31,3754,-13.48198,-71.95624],[275.35,3772,-13.49017,-71.96477],[277.38,3684,-13.4984,-71.9727],[279.4,3591,-13.50588,-71.98403],[281.46,3437,-13.51249,-71.98261],[282.64,3403,-13.51705,-71.97908]]},"geometry":{"type":"LineString","coordinates":[[-70.75417,-13.23102],[-70.76969,-13.23939],[-70.77224,-13.24232],[-70.77685,-13.24349],[-70.77872,-13.24605],[-70.77936,-13.24797],[-70.778,-13.25377],[-70.77994,-13.25787],[-70.77894,-13.26078],[-70.77952,-13.26764],[-70.78277,-13.27929],[-70.79119,-13.29031],[-70.79099,-13.2933],[-70.79239,-13.2953],[-70.79447,-13.2964],[-70.80542,-13.30796],[-70.8106,-13.31036],[-70.81206,-13.31195],[-70.81355,-13.31128],[-70.82004,-13.31278],[-70.82083,-13.31436],[-70.82692,-13.31452],[-70.8305,-13.31617],[-70.83163,-13.3181],[-70.83289,-13.31706],[-70.83886,-13.31987],[-70.84193,-13.32364],[-70.84304,-13.32681],[-70.84624,-13.32913],[-70.84672,-13.33615],[-70.85092,-13.33611],[-70.85298,-13.337],[-70.85771,-13.34205],[-70.86417,-13.34655],[-70.87146,-13.34781],[-70.8761,-13.3506],[-70.87855,-13.35044],[-70.88395,-13.35422],[-70.89005,-13.35579],[-70.89272,-13.35794],[-70.89932,-13.36847],[-70.89965,-13.37657],[-70.90197,-13.38245],[-70.90304,-13.38857],[-70.89941,-13.39505],[-70.89919,-13.4021],[-70.90228,-13.40865],[-70.90166,-13.41301],[-70.90339,-13.41749],[-70.90307,-13.42422],[-70.90573,-13.42925],[-70.90461,-13.43206],[-70.90553,-13.43625],[-70.90279,-13.4396],[-70.90321,-13.45085],[-70.90087,-13.45507],[-70.89875,-13.45519],[-70.89775,-13.45729],[-70.89802,-13.47154],[-70.89519,-13.47539],[-70.89176,-13.47723],[-70.88962,-13.48137],[-70.89065,-13.48335],[-70.89553,-13.4844],[-70.89751,-13.49343],[-70.90073,-13.49961],[-70.90106,-13.49737],[-70.90187,-13.5],[-70.90145,-13.50294],[-70.89785,-13.50835],[-70.89991,-13.50973],[-70.89997,-13.51397],[-70.89832,-13.51652],[-70.89624,-13.51721],[-70.89666,-13.5211],[-70.89557,-13.52673],[-70.8965,-13.52925],[-70.88994,-13.53327],[-70.88988,-13.53769],[-70.8874,-13.54407],[-70.88664,-13.54967],[-70.88859,-13.55095],[-70.89049,-13.55037],[-70.89482,-13.553],[-70.8981,-13.5583],[-70.90174,-13.55545],[-70.9083,-13.55661],[-70.91008,-13.556],[-70.9125,-13.55768],[-70.91616,-13.56719],[-70.91826,-13.57013],[-70.92158,-13.57356],[-70.92425,-13.57424],[-70.92539,-13.5776],[-70.92861,-13.57876],[-70.93108,-13.58387],[-70.93599,-13.58847],[-70.94417,-13.59197],[-70.94666,-13.59196],[-70.95021,-13.59043],[-70.95538,-13.59107],[-70.95423,-13.58955],[-70.959,-13.58956],[-70.96,-13.58784],[-70.96205,-13.58786],[-70.96125,-13.58669],[-70.96241,-13.58665],[-70.96186,-13.58599],[-70.96762,-13.58336],[-70.97057,-13.58437],[-70.97047,-13.58514],[-70.9686,-13.58468],[-70.9693,-13.58725],[-70.97556,-13.59109],[-70.97884,-13.58836],[-70.97957,-13.58662],[-70.98312,-13.5845],[-70.99662,-13.58313],[-70.99566,-13.5846],[-70.99188,-13.58438],[-70.99589,-13.5853],[-70.99727,-13.58367],[-70.99921,-13.58396],[-71.00023,-13.58238],[-71.00462,-13.58266],[-71.00672,-13.57811],[-71.01417,-13.57917],[-71.02196,-13.57332],[-71.0199,-13.57562],[-71.02303,-13.57347],[-71.02675,-13.57498],[-71.02594,-13.57302],[-71.02826,-13.5721],[-71.03352,-13.57276],[-71.03613,-13.57382],[-71.03767,-13.57564],[-71.03927,-13.57576],[-71.04084,-13.57474],[-71.03864,-13.57478],[-71.04328,-13.57428],[-71.0395,-13.57381],[-71.0572,-13.57141],[-71.05545,-13.57111],[-71.06279,-13.56839],[-71.06531,-13.56886],[-71.06579,-13.56802],[-71.07106,-13.5669],[-71.07038,-13.56632],[-71.07721,-13.56686],[-71.08141,-13.56903],[-71.07777,-13.56646],[-71.07222,-13.56502],[-71.07398,-13.56427],[-71.07434,-13.56514],[-71.08442,-13.56847],[-71.08891,-13.57149],[-71.09263,-13.57057],[-71.09598,-13.57091],[-71.09471,-13.5727],[-71.10033,-13.57033],[-71.10713,-13.57089],[-71.1119,-13.56863],[-71.10887,-13.57151],[-71.10668,-13.57203],[-71.10869,-13.57197],[-71.11704,-13.56834],[-71.11987,-13.56106],[-71.12764,-13.5526],[-71.12516,-13.55722],[-71.12137,-13.56071],[-71.11939,-13.56801],[-71.12274,-13.57246],[-71.1224,-13.5732],[-71.12135,-13.57284],[-71.1241,-13.57404],[-71.12116,-13.574],[-71.12554,-13.57461],[-71.12149,-13.57503],[-71.12662,-13.57569],[-71.12219,-13.57602],[-71.12621,-13.5774],[-71.12407,-13.57751],[-71.1252,-13.57832],[-71.12552,-13.58023],[-71.12649,-13.58017],[-71.12728,-13.57788],[-71.12896,-13.57765],[-71.12726,-13.57917],[-71.12767,-13.58223],[-71.12689,-13.584],[-71.12327,-13.58369],[-71.11885,-13.57978],[-71.11886,-13.58152],[-71.12079,-13.58199],[-71.11824,-13.58528],[-71.12167,-13.58849],[-71.12682,-13.58824],[-71.12869,-13.58941],[-71.13018,-13.58778],[-71.13187,-13.58808],[-71.13607,-13.58619],[-71.14135,-13.57525],[-71.14365,-13.5772],[-71.14843,-13.5789],[-71.1489,-13.58007],[-71.15007,-13.57923],[-71.14996,-13.58058],[-71.15181,-13.58101],[-71.15148,-13.5822],[-71.15224,-13.58089],[-71.1507,-13.57981],[-71.15104,-13.57903],[-71.15225,-13.57857],[-71.15351,-13.58151],[-71.15562,-13.57814],[-71.15579,-13.58139],[-71.15747,-13.58078],[-71.15955,-13.58139],[-71.16683,-13.58589],[-71.17219,-13.59063],[-71.17193,-13.59264],[-71.17254,-13.5905],[-71.15811,-13.57624],[-71.1572,-13.57263],[-71.15923,-13.57662],[-71.16229,-13.57847],[-71.1601,-13.57695],[-71.15862,-13.57391],[-71.15911,-13.57177],[-71.15891,-13.5737],[-71.16083,-13.5761],[-71.16851,-13.58215],[-71.16993,-13.58484],[-71.17937,-13.59219],[-71.18535,-13.59888],[-71.18863,-13.6011],[-71.19155,-13.60162],[-71.19335,-13.60344],[-71.20032,-13.60489],[-71.19755,-13.6107],[-71.19866,-13.61329],[-71.19809,-13.61099],[-71.19955,-13.60964],[-71.19989,-13.60719],[-71.20262,-13.60613],[-71.20542,-13.607],[-71.21437,-13.60378],[-71.21782,-13.60457],[-71.22411,-13.60402],[-71.23789,-13.60763],[-71.2453,-13.61152],[-71.25638,-13.61917],[-71.26107,-13.62426],[-71.26622,-13.62456],[-71.26901,-13.6259],[-71.2708,-13.63072],[-71.2835,-13.63767],[-71.28463,-13.6388],[-71.28538,-13.64226],[-71.29158,-13.64777],[-71.30424,-13.65055],[-71.31412,-13.65965],[-71.3185,-13.66585],[-71.32318,-13.66702],[-71.32709,-13.66646],[-71.3325,-13.66302],[-71.34913,-13.66322],[-71.3609,-13.65938],[-71.36407,-13.65983],[-71.36706,-13.65843],[-71.38466,-13.63026],[-71.38926,-13.62606],[-71.39246,-13.62511],[-71.39812,-13.62125],[-71.40255,-13.61602],[-71.40508,-13.60891],[-71.40453,-13.60146],[-71.40258,-13.59756],[-71.40273,-13.5962],[-71.403,-13.59746],[-71.40368,-13.59599],[-71.4043,-13.5975],[-71.40562,-13.59553],[-71.40459,-13.59277],[-71.40954,-13.58988],[-71.40942,-13.58762],[-71.4135,-13.58489],[-71.41523,-13.5847],[-71.41594,-13.58137],[-71.42032,-13.5787],[-71.42303,-13.57863],[-71.42518,-13.57597],[-71.43316,-13.5709],[-71.4342,-13.57455],[-71.4349,-13.57454],[-71.43367,-13.5754],[-71.43354,-13.58041],[-71.43474,-13.58095],[-71.43381,-13.5848],[-71.43519,-13.58662],[-71.43923,-13.58692],[-71.43716,-13.58852],[-71.43815,-13.59183],[-71.43953,-13.59269],[-71.43908,-13.59507],[-71.44052,-13.59367],[-71.44327,-13.59299],[-71.44277,-13.59511],[-71.4435,-13.59627],[-71.44825,-13.59846],[-71.45137,-13.59832],[-71.45283,-13.59983],[-71.45463,-13.59659],[-71.45617,-13.60146],[-71.45781,-13.59718],[-71.45961,-13.59843],[-71.46016,-13.59637],[-71.46597,-13.59413],[-71.46985,-13.5946],[-71.47025,-13.5957],[-71.47155,-13.59499],[-71.47798,-13.59602],[-71.47781,-13.59665],[-71.47911,-13.59671],[-71.48389,-13.60056],[-71.48684,-13.60899],[-71.488,-13.60931],[-71.4849,-13.61493],[-71.48536,-13.61556],[-71.4872,-13.61499],[-71.48779,-13.61664],[-71.48641,-13.61585],[-71.48543,-13.61661],[-71.486,-13.61853],[-71.48985,-13.6183],[-71.4909,-13.6169],[-71.49583,-13.61531],[-71.50118,-13.61624],[-71.50618,-13.6206],[-71.50962,-13.62514],[-71.51326,-13.62639],[-71.51229,-13.62697],[-71.51036,-13.62625],[-71.51163,-13.62754],[-71.51091,-13.6281],[-71.51786,-13.62698],[-71.51619,-13.62775],[-71.51778,-13.6291],[-71.5155,-13.63185],[-71.53431,-13.62708],[-71.53722,-13.62935],[-71.5479,-13.61787],[-71.56062,-13.60674],[-71.56563,-13.60375],[-71.56632,-13.60436],[-71.56983,-13.60178],[-71.57376,-13.60486],[-71.57299,-13.60251],[-71.57416,-13.602],[-71.57395,-13.60069],[-71.57727,-13.59848],[-71.58069,-13.59933],[-71.58002,-13.59701],[-71.58119,-13.59652],[-71.58531,-13.59786],[-71.58687,-13.59724],[-71.5851,-13.59459],[-71.58784,-13.59139],[-71.58996,-13.59084],[-71.59468,-13.58555],[-71.59565,-13.58087],[-71.59486,-13.579],[-71.59577,-13.57677],[-71.59811,-13.57721],[-71.59635,-13.57741],[-71.59638,-13.57852],[-71.59757,-13.58039],[-71.59914,-13.5806],[-71.61022,-13.57508],[-71.61474,-13.57487],[-71.6177,-13.57206],[-71.61729,-13.57446],[-71.61897,-13.57405],[-71.61863,-13.57516],[-71.62032,-13.57484],[-71.62367,-13.57097],[-71.62677,-13.57235],[-71.62676,-13.57153],[-71.62803,-13.5714],[-71.62884,-13.57515],[-71.63304,-13.57675],[-71.63391,-13.57821],[-71.63482,-13.57753],[-71.63674,-13.58159],[-71.64055,-13.5823],[-71.64017,-13.58099],[-71.63841,-13.58031],[-71.63995,-13.5792],[-71.64,-13.57704],[-71.64258,-13.57921],[-71.64445,-13.579],[-71.64512,-13.58124],[-71.64678,-13.58131],[-71.64687,-13.5824],[-71.64814,-13.58291],[-71.64941,-13.58083],[-71.65068,-13.58087],[-71.65152,-13.58452],[-71.65042,-13.58665],[-71.65095,-13.58866],[-71.65284,-13.59018],[-71.65459,-13.59022],[-71.65526,-13.59427],[-71.65679,-13.59701],[-71.6602,-13.59931],[-71.66089,-13.60137],[-71.66009,-13.60313],[-71.662,-13.6052],[-71.66183,-13.60642],[-71.66461,-13.60673],[-71.66526,-13.6086],[-71.66704,-13.60899],[-71.66684,-13.61089],[-71.66865,-13.61286],[-71.6683,-13.61594],[-71.6703,-13.61428],[-71.67087,-13.61153],[-71.67258,-13.61089],[-71.67152,-13.61199],[-71.67263,-13.61508],[-71.67136,-13.61601],[-71.67195,-13.6175],[-71.67209,-13.61622],[-71.67421,-13.61455],[-71.67384,-13.61293],[-71.67696,-13.61185],[-71.67551,-13.61332],[-71.68273,-13.61093],[-71.69302,-13.60383],[-71.69514,-13.59916],[-71.70087,-13.59265],[-71.70355,-13.58688],[-71.70548,-13.58533],[-71.70878,-13.5846],[-71.71037,-13.58073],[-71.71216,-13.57999],[-71.71362,-13.58105],[-71.71571,-13.57796],[-71.71828,-13.57664],[-71.72146,-13.57642],[-71.72458,-13.57336],[-71.7259,-13.56783],[-71.72552,-13.56365],[-71.71893,-13.56122],[-71.71743,-13.55861],[-71.71799,-13.55574],[-71.7213,-13.55177],[-71.73178,-13.55094],[-71.73447,-13.54927],[-71.73578,-13.54587],[-71.73852,-13.54416],[-71.74191,-13.5366],[-71.74074,-13.53217],[-71.7412,-13.52981],[-71.73873,-13.52779],[-71.73862,-13.52536],[-71.74524,-13.52447],[-71.7479,-13.52006],[-71.75448,-13.51795],[-71.7574,-13.51358],[-71.7621,-13.51126],[-71.76504,-13.50778],[-71.77018,-13.50411],[-71.77343,-13.49926],[-71.77797,-13.49695],[-71.78151,-13.49057],[-71.79148,-13.48631],[-71.79486,-13.48334],[-71.79981,-13.48227],[-71.80698,-13.47711],[-71.81143,-13.47202],[-71.81498,-13.47096],[-71.81797,-13.46722],[-71.81864,-13.46412],[-71.82406,-13.45807],[-71.82555,-13.45414],[-71.83133,-13.44829],[-71.83215,-13.44547],[-71.83748,-13.44042],[-71.8382,-13.4379],[-71.84543,-13.42677],[-71.85134,-13.42386],[-71.85025,-13.42128],[-71.85157,-13.4209],[-71.85229,-13.42271],[-71.85105,-13.42298],[-71.8515,-13.42402],[-71.85813,-13.42399],[-71.84794,-13.42623],[-71.84607,-13.4277],[-71.84573,-13.42977],[-71.84852,-13.42669],[-71.85571,-13.42713],[-71.86098,-13.42507],[-71.86251,-13.42597],[-71.86423,-13.43364],[-71.86677,-13.439],[-71.86927,-13.44074],[-71.87169,-13.44745],[-71.87359,-13.45014],[-71.87626,-13.45054],[-71.87879,-13.45248],[-71.8801,-13.45682],[-71.8822,-13.45903],[-71.8851,-13.45931],[-71.88703,-13.46081],[-71.88717,-13.46276],[-71.88912,-13.46509],[-71.89175,-13.4666],[-71.89371,-13.4661],[-71.90313,-13.46751],[-71.91496,-13.47101],[-71.91937,-13.47081],[-71.92171,-13.47277],[-71.92497,-13.47889],[-71.91609,-13.49019],[-71.92269,-13.48777],[-71.9244,-13.4855],[-71.92885,-13.48767],[-71.93582,-13.48836],[-71.94481,-13.48659],[-71.95526,-13.48139],[-71.95661,-13.48224],[-71.95843,-13.48165],[-71.9605,-13.48231],[-71.96415,-13.48092],[-71.96272,-13.48483],[-71.96499,-13.4907],[-71.96736,-13.49399],[-71.97029,-13.49455],[-71.9739,-13.49248],[-71.97278,-13.49854],[-71.97409,-13.49817],[-71.97678,-13.49934],[-71.9776,-13.50196],[-71.9793,-13.50202],[-71.98007,-13.50096],[-71.98127,-13.50389],[-71.98411,-13.50534],[-71.98421,-13.50793],[-71.9855,-13.50742],[-71.98121,-13.5115],[-71.97915,-13.51123],[-71.97902,-13.51273],[-71.98016,-13.51391],[-71.98473,-13.51124],[-71.97908,-13.51705]]}}]}